timestamp,long_usd,short_usd
2025-10-06T12:00:00,0.0,0.0
2025-10-06T16:00:00,748060.58118,4579666.56373
2025-10-06T20:00:00,1075831.2102,211766.0153
2025-10-07T00:00:00,377450.91244,36040.8148
2025-10-07T04:00:00,2547382.0176,815529.2358
2025-10-07T08:00:00,704602.82796,1908993.18379
2025-10-07T12:00:00,14032829.37979,3004734.13978
2025-10-07T16:00:00,2286838.26906,1818997.46445
2025-10-07T20:00:00,1110209.18807,434501.92021
2025-10-08T00:00:00,1886049.99546,731787.2279
2025-10-08T04:00:00,634398.94226,594663.77076
2025-10-08T08:00:00,20728.1352,1616806.04615
2025-10-08T12:00:00,3555338.14655,2155396.46729
2025-10-08T16:00:00,415453.6189,15690757.56093
2025-10-08T20:00:00,470790.17192,93604.8746
2025-10-09T00:00:00,3930403.22183,103587.9363
2025-10-09T04:00:00,181746.245,106163.9899
2025-10-09T08:00:00,3101900.24235,1846779.4879
2025-10-09T12:00:00,4594435.73983,1958559.21316
2025-10-09T16:00:00,4471697.05912,1396194.13286
2025-10-09T20:00:00,64093.9551,581075.7373
2025-10-10T00:00:00,590425.22305,1050060.24816
2025-10-10T04:00:00,609544.54441,4316574.24224
2025-10-10T08:00:00,108047.46125,366880.7714
2025-10-10T12:00:00,17808011.67689,2370258.27743
2025-10-10T16:00:00,31710383.62578,1698083.37972
2025-10-10T20:00:00,235601013.09389,107461506.04199
2025-10-11T00:00:00,8431052.33193,3548801.20962
2025-10-11T04:00:00,3891646.67788,908520.84532
2025-10-11T08:00:00,453959.72914,2047669.00595
2025-10-11T12:00:00,444914.64845,281132.5385
2025-10-11T16:00:00,1893268.51584,541875.57758
2025-10-11T20:00:00,4921196.00689,1029475.5759
2025-10-12T00:00:00,2142746.361,2115113.76879
2025-10-12T04:00:00,88613.5518,1174865.14426
2025-10-12T08:00:00,520668.7019,1110066.8795
2025-10-12T12:00:00,3607884.58718,13188417.29107
2025-10-12T16:00:00,1123027.54849,2819205.30377
2025-10-12T20:00:00,8365446.98352,3482697.55335
2025-10-13T00:00:00,1011297.81427,1387017.99376
2025-10-13T04:00:00,628258.4452,1436390.29638
2025-10-13T08:00:00,2583178.59449,302663.4416
2025-10-13T12:00:00,1420958.15591,1522801.96232
2025-10-13T16:00:00,145600.69655,2059630.68335
2025-10-13T20:00:00,586807.80703,432940.1697
2025-10-14T00:00:00,6477321.93734,146732.7723
2025-10-14T04:00:00,7043706.33942,825274.4873
2025-10-14T08:00:00,4369812.5041,1638366.77863
2025-10-14T12:00:00,2852816.24423,3612070.80522
2025-10-14T16:00:00,1841780.54485,2276668.14725
2025-10-14T20:00:00,287100.3905,521480.59554
2025-10-15T00:00:00,1031555.72434,804299.27796
2025-10-15T04:00:00,294816.99148,538352.683
2025-10-15T08:00:00,1309359.80659,1128319.93545
2025-10-15T12:00:00,6987798.50181,1227850.75888
2025-10-15T16:00:00,1032590.98968,967996.62884
2025-10-15T20:00:00,810879.99676,565077.67793
2025-10-16T00:00:00,664313.0918,751207.0428
2025-10-16T04:00:00,1908418.22986,323724.253
2025-10-16T08:00:00,2991672.1014,1822084.68328
2025-10-16T12:00:00,8642761.78494,1528001.30929
2025-10-16T16:00:00,10275546.18982,2502355.56037
2025-10-16T20:00:00,1442358.79747,1296193.44752
2025-10-17T00:00:00,174245.5548,4365058.27902
2025-10-17T04:00:00,6912335.77405,92124.8905
2025-10-17T08:00:00,11743018.20089,8682900.77291
2025-10-17T12:00:00,2379589.38318,3749484.16348
2025-10-17T16:00:00,1935412.7617,1330734.79443
2025-10-17T20:00:00,715591.74778,1113713.5392
2025-10-18T00:00:00,141509.8611,864856.9153
2025-10-18T04:00:00,1279447.37142,1612028.45254
2025-10-18T08:00:00,223061.9222,1074373.70374
2025-10-18T12:00:00,844886.70156,120316.8995
2025-10-18T16:00:00,299971.8541,382642.40426
2025-10-18T20:00:00,62404.6567,540349.69234
2025-10-19T00:00:00,201191.328,75129.5764
2025-10-19T04:00:00,645596.6923,18514.9813
2025-10-19T08:00:00,1476703.6081,3176591.11733
2025-10-19T12:00:00,319351.4204,3436901.79861
2025-10-19T16:00:00,434937.8984,3736192.11535
2025-10-19T20:00:00,1060555.78084,520437.23781
2025-10-20T00:00:00,2371112.82003,2319644.97651
2025-10-20T04:00:00,27105.8364,1808313.13144
2025-10-20T08:00:00,1194009.34494,680582.85908
2025-10-20T12:00:00,301075.9106,846875.25756
2025-10-20T16:00:00,4429191.59358,1177705.94075
2025-10-20T20:00:00,796319.99454,176084.4549
2025-10-21T00:00:00,2752656.88658,306686.86556
2025-10-21T04:00:00,3782864.71379,952319.13866
2025-10-21T08:00:00,507745.4175,1662887.32018
2025-10-21T12:00:00,2222197.34676,9695371.10895
2025-10-21T16:00:00,4101774.32654,2768408.5563
2025-10-21T20:00:00,6301029.2573,446086.54654
2025-10-22T00:00:00,1448023.03181,1136441.22326
2025-10-22T04:00:00,854391.30712,425015.68122
2025-10-22T08:00:00,2408960.04939,866664.231
2025-10-22T12:00:00,1616116.23089,1739010.91967
2025-10-22T16:00:00,1210523.50969,519711.06205
2025-10-22T20:00:00,1837129.47181,900364.60531
2025-10-23T00:00:00,53845.8731,706494.5234
2025-10-23T04:00:00,782403.64107,3023981.55041
2025-10-23T08:00:00,603944.67675,246056.0002
2025-10-23T12:00:00,1190632.80577,582353.94977
2025-10-23T16:00:00,902559.28726,3165932.89491
2025-10-23T20:00:00,1758436.03886,126794.46786
2025-10-24T00:00:00,185179.0885,559786.73137
2025-10-24T04:00:00,326153.54632,4891624.15104
2025-10-24T08:00:00,539485.3933,198697.02195
2025-10-24T12:00:00,5785690.91086,617864.89793
2025-10-24T16:00:00,204045.2919,1570298.33058
2025-10-24T20:00:00,50220.8472,133935.745
2025-10-25T00:00:00,214734.8151,313050.1892
2025-10-25T04:00:00,55257.548,392219.1526
2025-10-25T08:00:00,206244.196,77454.0008
2025-10-25T12:00:00,352074.4003,190046.6693
2025-10-25T16:00:00,253341.0468,481734.9048
2025-10-25T20:00:00,12475.1269,61380.4005
2025-10-26T00:00:00,447145.1208,529957.9313
2025-10-26T04:00:00,1115.5752,241627.6181
2025-10-26T08:00:00,90914.4763,3763969.18462
2025-10-26T12:00:00,200429.7341,1529908.06236
2025-10-26T16:00:00,409818.1857,229582.9312
2025-10-26T20:00:00,354021.81523,1667377.20946
2025-10-27T00:00:00,412187.2032,1833758.6355
2025-10-27T04:00:00,465838.3968,1633414.69573
2025-10-27T08:00:00,1072871.41308,119504.2002
2025-10-27T12:00:00,942812.9293,259947.2686
2025-10-27T16:00:00,771261.34848,1960160.16936
2025-10-27T20:00:00,2298544.93953,90866.3405
2025-10-28T00:00:00,1073520.36745,148079.6502
2025-10-28T04:00:00,143674.82284,209570.2209
2025-10-28T08:00:00,250611.9857,425439.6267
2025-10-28T12:00:00,2566083.80458,2331745.14569
2025-10-28T16:00:00,3890633.59249,629884.1579
2025-10-28T20:00:00,4448266.97808,737975.0758
2025-10-29T00:00:00,1565038.52096,278046.8252
2025-10-29T04:00:00,13680.5802,413041.98489
2025-10-29T08:00:00,869096.6695,131950.8567
2025-10-29T12:00:00,2904488.11839,693677.64851
2025-10-29T16:00:00,9062418.14178,3542749.31676
2025-10-29T20:00:00,5281892.66696,916874.33086
2025-10-30T00:00:00,235529.1152,383191.8911
2025-10-30T04:00:00,5825595.1988,3261863.73713
2025-10-30T08:00:00,2542688.91365,121770.787
2025-10-30T12:00:00,6691451.3188,982023.79464
2025-10-30T16:00:00,9853177.97476,961683.85504
2025-10-30T20:00:00,562531.0583,1698668.04782
2025-10-31T00:00:00,994096.6874,2262280.36462
2025-10-31T04:00:00,581251.30658,499497.6818
2025-10-31T08:00:00,830863.95325,1500960.59014
2025-10-31T12:00:00,1374229.46836,1913605.89654
2025-10-31T16:00:00,3377192.3891,13361053.7919
2025-10-31T20:00:00,203991.6479,95185.592
2025-11-01T00:00:00,466518.59882,243990.13584
2025-11-01T04:00:00,92227.402,1216686.5989
2025-11-01T08:00:00,225571.6858,66090.3307
2025-11-01T12:00:00,681459.62766,492125.7617
2025-11-01T16:00:00,29536.2844,240716.3319
2025-11-01T20:00:00,701012.64628,127832.5008
2025-11-02T00:00:00,67078.5399,31736.519
2025-11-02T04:00:00,61348.12188,955256.21422
2025-11-02T08:00:00,782337.46664,400971.6717
2025-11-02T12:00:00,1315224.10214,1020299.47622
2025-11-02T16:00:00,339805.62916,83232.1291
2025-11-02T20:00:00,223572.65068,389085.6063
2025-11-03T00:00:00,6421374.79566,234176.2388
2025-11-03T04:00:00,3129904.18167,385243.1942
2025-11-03T08:00:00,1795235.06283,619584.7025
2025-11-03T12:00:00,18332855.86215,1958763.58827
2025-11-03T16:00:00,1884377.82323,1444024.94943
2025-11-03T20:00:00,2140900.40144,156576.34898
2025-11-04T00:00:00,542017.92902,1258412.20252
2025-11-04T04:00:00,10617839.84306,930470.90376
2025-11-04T08:00:00,6452064.33779,705923.66904
2025-11-04T12:00:00,7077010.13453,4823654.78739
2025-11-04T16:00:00,21886153.67483,2672434.71572
2025-11-04T20:00:00,17359337.34993,4046732.03674
2025-11-05T00:00:00,5503449.76881,3521523.8719
2025-11-05T04:00:00,1079724.90298,1260679.33587
2025-11-05T08:00:00,1312558.37971,1035264.26455
2025-11-05T12:00:00,676662.69046,2987042.34968
2025-11-05T16:00:00,1556305.06983,2138896.28322
2025-11-05T20:00:00,1241127.5109,484724.8142
2025-11-06T00:00:00,1847209.53283,592858.28235
2025-11-06T04:00:00,993601.66797,523137.84626
2025-11-06T08:00:00,1114166.11966,399891.68816
2025-11-06T12:00:00,4951353.13341,1201378.12315
2025-11-06T16:00:00,8634111.17358,1930480.08263
2025-11-06T20:00:00,1556030.64348,344934.46519
2025-11-07T00:00:00,625033.57226,1970403.63546
2025-11-07T04:00:00,1297669.17831,631202.8634
2025-11-07T08:00:00,7915398.20732,579120.5324
2025-11-07T12:00:00,3119183.36313,2776552.12339
2025-11-07T16:00:00,1641434.8349,4382834.19466
2025-11-07T20:00:00,362944.96997,2099781.58277
2025-11-08T00:00:00,1161518.39644,767378.81074
2025-11-08T04:00:00,2000032.30767,366119.8385
2025-11-08T08:00:00,762000.70978,232859.91767
2025-11-08T12:00:00,3832780.4494,62625.7091
2025-11-08T16:00:00,373607.92629,542234.19218
2025-11-08T20:00:00,30927.6763,570033.56346
2025-11-09T00:00:00,3867807.72598,195574.38255
2025-11-09T04:00:00,125770.6441,251565.53989
2025-11-09T08:00:00,416815.10008,403173.0442
2025-11-09T12:00:00,628937.60473,6318544.7221
2025-11-09T16:00:00,329981.3558,2116022.57395
2025-11-09T20:00:00,595404.55564,987495.97967
2025-11-10T00:00:00,1128736.3676,5036248.57164
2025-11-10T04:00:00,544792.9827,331779.08772
2025-11-10T08:00:00,459967.82848,268916.0535
2025-11-10T12:00:00,3504670.87778,1089453.8583
2025-11-10T16:00:00,761724.99762,1249376.22767
2025-11-10T20:00:00,474971.87391,862173.13676
2025-11-11T00:00:00,1012404.98403,3959972.97115
2025-11-11T04:00:00,2577477.92764,19022.9207
2025-11-11T08:00:00,152526.69455,393759.65134
2025-11-11T12:00:00,10451391.02344,284223.31872
2025-11-11T16:00:00,2257056.90823,443175.9735
2025-11-11T20:00:00,3234224.64208,1260853.2367
2025-11-12T00:00:00,340087.42698,681354.29985
2025-11-12T04:00:00,566000.75588,461965.7444
2025-11-12T08:00:00,314652.0514,2690060.70754
2025-11-12T12:00:00,6047979.2891,572526.6554
2025-11-12T16:00:00,15303783.09962,871896.87612
2025-11-12T20:00:00,274073.9499,264370.8407
2025-11-13T00:00:00,1617359.04825,1627009.77833
2025-11-13T04:00:00,755853.30844,2205881.64509
2025-11-13T08:00:00,1254159.48188,386517.63406
2025-11-13T12:00:00,9739294.10284,3062378.38435
2025-11-13T16:00:00,16259116.31669,1660718.61819
2025-11-13T20:00:00,2085099.19706,5666958.12032
2025-11-14T00:00:00,2508437.11257,453146.28792
2025-11-14T04:00:00,8116925.36682,2691999.24994
2025-11-14T08:00:00,3473252.42941,776436.33593
2025-11-14T12:00:00,6382679.75439,4363384.87277
2025-11-14T16:00:00,5390304.47294,2596539.52234
2025-11-14T20:00:00,4264398.83701,1263704.08402
2025-11-15T00:00:00,1005784.65561,1690335.51206
2025-11-15T04:00:00,153977.803,513331.61878
2025-11-15T08:00:00,963097.24219,788924.26838
2025-11-15T12:00:00,207975.1334,317403.3012
2025-11-15T16:00:00,334784.28804,809212.728
2025-11-15T20:00:00,1346028.55936,377693.18257
2025-11-16T00:00:00,532634.19866,1565754.98451
2025-11-16T04:00:00,76460.3024,742832.66248
2025-11-16T08:00:00,2158719.78603,1035382.36283
2025-11-16T12:00:00,1807911.94885,198962.4796
2025-11-16T16:00:00,5404473.24521,1840908.58426
2025-11-16T20:00:00,7078355.04494,2278051.75922
2025-11-17T00:00:00,401797.78075,1575475.04158
2025-11-17T04:00:00,218089.0804,997009.66207
2025-11-17T08:00:00,747855.5724,165490.5852
2025-11-17T12:00:00,5277083.33435,3087970.67261
2025-11-17T16:00:00,11848991.78715,1351822.12488
2025-11-17T20:00:00,2652451.0226,808933.03049
2025-11-18T00:00:00,13332689.91494,2124424.95788
2025-11-18T04:00:00,1748611.65953,1493643.62056
2025-11-18T08:00:00,447809.87142,2002248.65282
2025-11-18T12:00:00,1165565.34667,5196967.17367
2025-11-18T16:00:00,825720.83069,1783834.36279
2025-11-18T20:00:00,917400.39115,331796.0582
2025-11-19T00:00:00,1873206.64119,610483.7145
2025-11-19T04:00:00,4889169.03534,1721405.40666
2025-11-19T08:00:00,829597.51204,404645.01848
2025-11-19T12:00:00,4191135.11487,2216141.49148
2025-11-19T16:00:00,9764695.38322,968447.59933
2025-11-19T20:00:00,1016490.29216,2976336.74194
2025-11-20T00:00:00,270439.9036,1938690.91635
2025-11-20T04:00:00,1512737.27087,1279578.03662
2025-11-20T08:00:00,1218098.4629,354220.0328
2025-11-20T12:00:00,5008244.65204,1580752.88313
2025-11-20T16:00:00,26698048.25404,2426976.79268
2025-11-20T20:00:00,2523919.87092,3105394.70113
2025-11-21T00:00:00,9901540.39741,876888.36676
2025-11-21T04:00:00,14927819.93989,1820802.46412
2025-11-21T08:00:00,4792711.62863,3774145.33475
2025-11-21T12:00:00,23933733.71041,7364610.85748
2025-11-21T16:00:00,4466422.099,7946899.31441
2025-11-21T20:00:00,1588794.93585,1059397.0542
2025-11-22T00:00:00,932423.8771,572996.00466
2025-11-22T04:00:00,713856.95564,534506.7548
2025-11-22T08:00:00,1064002.7437,720486.09062
2025-11-22T12:00:00,1086063.4009,910800.01359
2025-11-22T16:00:00,162725.1787,1143816.06224
2025-11-22T20:00:00,560685.20684,954447.84988
2025-11-23T00:00:00,265017.6616,1870927.86804
2025-11-23T04:00:00,1879218.62408,1442757.02246
2025-11-23T08:00:00,212048.95538,769533.35015
2025-11-23T12:00:00,408011.2812,2012924.04756
2025-11-23T16:00:00,1389968.44476,2007403.48926
2025-11-23T20:00:00,1485359.9326,1331255.2853
2025-11-24T00:00:00,1490699.02459,2582433.94177
2025-11-24T04:00:00,1416436.24296,889279.69499
2025-11-24T08:00:00,1150953.89955,626659.37029
2025-11-24T12:00:00,1468571.21628,2335683.57869
2025-11-24T16:00:00,1090797.13335,5939546.59884
2025-11-24T20:00:00,747406.0295,5130569.0217
2025-11-25T00:00:00,1337405.95516,292613.2222
2025-11-25T04:00:00,925329.8815,446443.29746
2025-11-25T08:00:00,1515646.96335,419393.6512
2025-11-25T12:00:00,5892261.9951,1426343.84765
2025-11-25T16:00:00,2747257.1833,1589790.55382
2025-11-25T20:00:00,832723.57576,1849994.05796
2025-11-26T00:00:00,947335.68278,746027.8921
2025-11-26T04:00:00,334267.6411,543946.26926
2025-11-26T08:00:00,691764.1528,50092.0204
2025-11-26T12:00:00,2419404.35834,1958010.0843
2025-11-26T16:00:00,692095.12015,5882401.55177
2025-11-26T20:00:00,227026.88124,599977.35278
2025-11-27T00:00:00,1017907.603,3245023.48298
2025-11-27T04:00:00,508129.0178,632445.96078
2025-11-27T08:00:00,140046.734,1269597.0242
2025-11-27T12:00:00,1874834.62654,975196.52621
2025-11-27T16:00:00,104003.4077,1040968.6285
2025-11-27T20:00:00,399750.99766,171567.2038
2025-11-28T00:00:00,714022.09421,740534.7277
2025-11-28T04:00:00,697838.39857,337154.17597
2025-11-28T08:00:00,981867.34069,7406769.20245
2025-11-28T12:00:00,859039.59917,2100079.37085
2025-11-28T16:00:00,6446954.2629,927783.5443
2025-11-28T20:00:00,261723.7328,90412.7982
2025-11-29T00:00:00,369085.8159,28276.2045
2025-11-29T04:00:00,901691.00369,164516.6957
2025-11-29T08:00:00,219784.9199,41125.6887
2025-11-29T12:00:00,42576.6649,234592.6144
2025-11-29T16:00:00,1064777.45777,497160.71235
2025-11-29T20:00:00,318551.59117,184082.0155
2025-11-30T00:00:00,510659.85595,258748.5473
2025-11-30T04:00:00,63224.5147,52811.4934
2025-11-30T08:00:00,109651.373,800401.32388
2025-11-30T12:00:00,431740.92346,1210684.11373
2025-11-30T16:00:00,349785.2252,218842.2263
2025-11-30T20:00:00,2413678.8205,309970.3068
2025-12-01T00:00:00,16111391.47891,1532560.39892
2025-12-01T04:00:00,3856581.04964,937430.44374
2025-12-01T08:00:00,953288.45426,526509.8042
2025-12-01T12:00:00,7938802.58237,2918969.62219
2025-12-01T16:00:00,1653106.80702,2213353.85675
2025-12-01T20:00:00,665619.02494,2759545.61688
2025-12-02T00:00:00,710871.79894,797228.58424
2025-12-02T04:00:00,276682.2514,170067.76552
2025-12-02T08:00:00,553562.08909,1614190.20799
2025-12-02T12:00:00,1139281.76396,8268433.05617
2025-12-02T16:00:00,827592.28105,3246768.80449
2025-12-02T20:00:00,974161.91886,1221646.87846
2025-12-03T00:00:00,497339.90916,1897732.60405
2025-12-03T04:00:00,1008473.09112,3924370.52179
2025-12-03T08:00:00,637069.3422,233889.57519
2025-12-03T12:00:00,2251621.29279,3229992.80743
2025-12-03T16:00:00,2324537.21296,2415415.09949
2025-12-03T20:00:00,297168.785,4582555.45448
2025-12-04T00:00:00,1739904.10672,1065525.38698
2025-12-04T04:00:00,763300.4879,1638768.43179
2025-12-04T08:00:00,673282.08576,219836.6348
2025-12-04T12:00:00,1650272.35553,2383954.09235
2025-12-04T16:00:00,4276182.92951,2404025.38832
2025-12-04T20:00:00,197561.6906,627364.73172
2025-12-05T00:00:00,1207386.4957,718094.69917
2025-12-05T04:00:00,216349.026,284476.4329
2025-12-05T08:00:00,1561373.95444,574909.67748
2025-12-05T12:00:00,4298197.28491,3450299.49046
2025-12-05T16:00:00,14484068.59758,2266829.2269
2025-12-05T20:00:00,481846.47225,139836.7064
2025-12-06T00:00:00,143932.8972,480771.63002
2025-12-06T04:00:00,114792.0983,81183.9509
2025-12-06T08:00:00,656497.73527,315190.6919
2025-12-06T12:00:00,516657.2848,746692.67883
2025-12-06T16:00:00,441586.91206,25203.1009
2025-12-06T20:00:00,1077492.39528,21658.9103
2025-12-07T00:00:00,44056.076,643078.70845
2025-12-07T04:00:00,218265.6799,149846.55484
2025-12-07T08:00:00,185261.5979,140671.7637
2025-12-07T12:00:00,2106052.91319,2006423.09956
2025-12-07T16:00:00,676506.79898,3763215.76473
2025-12-07T20:00:00,3124819.01184,620479.54119
2025-12-08T00:00:00,504582.9092,1343639.87628
2025-12-08T04:00:00,43939.02147,424487.95495
2025-12-08T08:00:00,101373.81538,1353694.25636
2025-12-08T12:00:00,2516169.02578,812519.75208
2025-12-08T16:00:00,1114748.45416,568530.69527
2025-12-08T20:00:00,475289.51749,726796.4878
2025-12-09T00:00:00,943438.36882,414461.83828
2025-12-09T04:00:00,690372.6252,413869.57059
2025-12-09T08:00:00,584281.8572,218402.4295
2025-12-09T12:00:00,1442152.38603,3907875.30611
2025-12-09T16:00:00,954685.5007,6340903.64966
2025-12-09T20:00:00,2901211.99501,593681.626
2025-12-10T00:00:00,362067.6344,153726.6682
2025-12-10T04:00:00,27195.973,66911.2861
2025-12-10T08:00:00,1118164.07631,290423.64945
2025-12-10T12:00:00,453249.5445,356728.6872
2025-12-10T16:00:00,1886015.34227,2439814.8179
2025-12-10T20:00:00,3157636.6146,1308652.03684
2025-12-11T00:00:00,12895393.80048,280697.7034
2025-12-11T04:00:00,213584.9373,381999.442
2025-12-11T08:00:00,86805.9982,352989.24883
2025-12-11T12:00:00,1974352.92337,1139140.50088
2025-12-11T16:00:00,1072871.91777,2972713.0979
2025-12-11T20:00:00,1631829.92894,5593041.6756
2025-12-12T00:00:00,1224199.90718,462780.06215
2025-12-12T04:00:00,84431.4706,270887.80344
2025-12-12T08:00:00,216179.5714,142882.1869
2025-12-12T12:00:00,5153735.29301,360698.76758
2025-12-12T16:00:00,1673800.94094,1256058.07978
2025-12-12T20:00:00,151578.6478,51158.5343
2025-12-13T00:00:00,32313.744,61893.4743
2025-12-13T04:00:00,19233.1462,14442.6648
2025-12-13T08:00:00,86560.5971,143410.8592
2025-12-13T12:00:00,907981.58335,34801.8409
2025-12-13T16:00:00,57809.5832,52091.6774
2025-12-13T20:00:00,908233.893,128197.7231
2025-12-14T00:00:00,258444.54894,236951.3623
2025-12-14T04:00:00,236721.2618,3155.714
2025-12-14T08:00:00,3020121.42469,196259.18932
2025-12-14T12:00:00,1516907.81081,178658.9952
2025-12-14T16:00:00,1577118.37377,221044.75925
2025-12-14T20:00:00,2650446.29666,422442.01399
2025-12-15T00:00:00,222020.4546,2330607.0191
2025-12-15T04:00:00,135242.5739,647091.75914
2025-12-15T08:00:00,85433.6945,222006.99305
2025-12-15T12:00:00,13982744.43516,1487634.03261
2025-12-15T16:00:00,29454816.18318,892066.9812
2025-12-15T20:00:00,756352.79728,794041.8274
2025-12-16T00:00:00,1253383.63595,111211.7591
2025-12-16T04:00:00,685448.46347,909964.21798
2025-12-16T08:00:00,76302.29312,2063138.62936
2025-12-16T12:00:00,1770069.82122,5662402.48881
2025-12-16T16:00:00,1348229.8513,851528.44674
2025-12-16T20:00:00,37718.5588,310512.60499
2025-12-17T00:00:00,539170.11461,237012.6524
2025-12-17T04:00:00,1410130.75401,411320.20467
2025-12-17T08:00:00,732317.23619,131170.4485
2025-12-17T12:00:00,2853191.85132,7309496.56375
2025-12-17T16:00:00,4479338.98652,1192828.48822
2025-12-17T20:00:00,311191.1074,121738.2821
2025-12-18T00:00:00,114486.0604,1196673.88881
2025-12-18T04:00:00,137255.7111,122020.5586
2025-12-18T08:00:00,362678.2048,1168535.86974
2025-12-18T12:00:00,3140756.98155,9850406.32046
2025-12-18T16:00:00,7870620.28296,753523.74308
2025-12-18T20:00:00,1220612.13297,954048.00092
2025-12-19T00:00:00,1482217.0634,1427194.89773
2025-12-19T04:00:00,322451.1994,2368919.74206
2025-12-19T08:00:00,83349.6385,399902.38896
2025-12-19T12:00:00,1235165.34682,1978065.3412
2025-12-19T16:00:00,1704769.36357,1496544.99115
2025-12-19T20:00:00,72799.2873,618419.38106
2025-12-20T00:00:00,154839.4516,104790.5497
2025-12-20T04:00:00,14203.7141,251797.7455
2025-12-20T08:00:00,122611.8426,20217.7994
2025-12-20T12:00:00,134366.9769,157744.3582
2025-12-20T16:00:00,58277.7388,172544.3592
2025-12-20T20:00:00,30168.5068,68085.6428
2025-12-21T00:00:00,642536.1508,4846.4476
2025-12-21T04:00:00,17528.0211,129571.8562
2025-12-21T08:00:00,37016.4345,828868.06706
2025-12-21T12:00:00,890500.5818,560158.85735
2025-12-21T16:00:00,197958.3211,686687.45546
2025-12-21T20:00:00,163695.9187,687415.97768
2025-12-22T00:00:00,870226.94599,2035538.90309
2025-12-22T04:00:00,31708.8838,231661.9369
2025-12-22T08:00:00,204721.6332,1436731.95466
2025-12-22T12:00:00,1263665.78605,1461641.6904
2025-12-22T16:00:00,5765784.59827,357966.5382
2025-12-22T20:00:00,552944.6206,183895.347
2025-12-23T00:00:00,1789873.42581,373714.62002
2025-12-23T04:00:00,2168693.04308,146405.8811
2025-12-23T08:00:00,52718.6635,144566.313
2025-12-23T12:00:00,1130270.91489,863830.85391
2025-12-23T16:00:00,1200695.47131,767462.1382
2025-12-23T20:00:00,639408.27138,1045740.61168
2025-12-24T00:00:00,1190554.15017,146597.4553
2025-12-24T04:00:00,424689.64318,23119.1564
2025-12-24T08:00:00,478452.6267,228375.99427
2025-12-24T12:00:00,1050554.52238,356176.89932
2025-12-24T16:00:00,61879.76309,2987498.56613
2025-12-24T20:00:00,241894.80837,767733.56194
2025-12-25T00:00:00,34517.8257,22479.4212
2025-12-25T04:00:00,66119.204,116471.5324
2025-12-25T08:00:00,550380.7454,143332.3542
2025-12-25T12:00:00,7380.7925,1423270.90385
2025-12-25T16:00:00,48666.53821,86990.4173
2025-12-25T20:00:00,2689104.07371,147103.24544
2025-12-26T00:00:00,617463.20185,3052472.06563
2025-12-26T04:00:00,395373.4079,561440.64757
2025-12-26T08:00:00,152396.2171,124954.492
2025-12-26T12:00:00,3737690.06898,395687.04906
2025-12-26T16:00:00,223580.6007,191710.6949
2025-12-26T20:00:00,140062.1179,211918.72336
2025-12-27T00:00:00,656875.68459,151878.7583
2025-12-27T04:00:00,4739.2436,114510.6931
2025-12-27T08:00:00,2665898.63523,57517.2701
2025-12-27T12:00:00,29691.4965,36916.9544
2025-12-27T16:00:00,14962.555,13829.9427
2025-12-27T20:00:00,396297.80778,552902.0514
2025-12-28T00:00:00,5090.3438,3424.4902
2025-12-28T04:00:00,166983.0766,103046.7863
2025-12-28T08:00:00,5792.7617,298098.92884
2025-12-28T12:00:00,7470.1233,73177.0929
2025-12-28T16:00:00,842236.32588,9480.3242
2025-12-28T20:00:00,206565.61175,357492.556
2025-12-29T00:00:00,219362.6965,7539168.23222
2025-12-29T04:00:00,879924.8665,939019.0205
2025-12-29T08:00:00,6109385.79498,278373.404
2025-12-29T12:00:00,2647326.81948,1425403.61898
2025-12-29T16:00:00,833268.54986,59408.5648
2025-12-29T20:00:00,490405.37981,50677.5515
2025-12-30T00:00:00,943584.95747,255944.87659
2025-12-30T04:00:00,50517.1606,376149.2375
2025-12-30T08:00:00,131405.004,1800945.12774
2025-12-30T12:00:00,486290.63445,2988780.6333
2025-12-30T16:00:00,1251180.5969,322640.7636
2025-12-30T20:00:00,43572.668,177726.9531
2025-12-31T00:00:00,74420.6165,458348.46288
2025-12-31T04:00:00,49344.223,40985.404
2025-12-31T08:00:00,169436.4864,2117015.7805
2025-12-31T12:00:00,2533893.16883,556210.4722
2025-12-31T16:00:00,1026593.39081,126937.62771
2025-12-31T20:00:00,2469583.20829,219856.7863
2026-01-01T00:00:00,31187.4256,109497.9844
2026-01-01T04:00:00,437208.83205,131695.8834
2026-01-01T08:00:00,54939.6471,195466.4966
2026-01-01T12:00:00,207506.59554,76459.6396
2026-01-01T16:00:00,156569.9462,1023898.36768
2026-01-01T20:00:00,105865.9792,751970.01698
2026-01-02T00:00:00,913155.79148,1195043.96327
2026-01-02T04:00:00,78674.93708,871326.0977
2026-01-02T08:00:00,87542.2801,1868367.9826
2026-01-02T12:00:00,2332089.96958,4045114.17745
2026-01-02T16:00:00,1747004.70635,16002525.26938
2026-01-02T20:00:00,151747.4484,663161.9163
2026-01-03T00:00:00,8109.463,311735.0356
2026-01-03T04:00:00,1470415.95692,28662.7564
2026-01-03T08:00:00,14352.4938,78339.79898
2026-01-03T12:00:00,9440.384,201415.85
2026-01-03T16:00:00,60602.7864,72571.2593
2026-01-03T20:00:00,1084.8125,1396350.09604
2026-01-04T00:00:00,203791.6078,1877119.21643
2026-01-04T04:00:00,74151.6023,936738.26436
2026-01-04T08:00:00,469260.7625,727686.14591
2026-01-04T12:00:00,859706.0504,357971.0498
2026-01-04T16:00:00,421388.2287,206926.082
2026-01-04T20:00:00,24342.547,528127.6739
2026-01-05T00:00:00,241319.6232,4606545.44975
2026-01-05T04:00:00,859630.63263,248202.308
2026-01-05T08:00:00,152752.9942,449231.4575
2026-01-05T12:00:00,2276217.09832,2886658.0787
2026-01-05T16:00:00,922986.96301,2593692.87706
2026-01-05T20:00:00,735561.11206,3807293.9746
2026-01-06T00:00:00,1129466.2971,447560.8368
2026-01-06T04:00:00,439055.2097,110381.43553
2026-01-06T08:00:00,145585.8237,1136631.9293
2026-01-06T12:00:00,792732.30605,2036373.64348
2026-01-06T16:00:00,7704744.48432,790582.4291
2026-01-06T20:00:00,359180.3098,2810625.29714
2026-01-07T00:00:00,1790039.85474,96908.5356
2026-01-07T04:00:00,114495.2471,32652.3268
2026-01-07T08:00:00,3525267.87214,332637.0638
2026-01-07T12:00:00,1551449.90922,1807642.7685
2026-01-07T16:00:00,1883659.6236,648348.4016
2026-01-07T20:00:00,148668.0452,807259.9346
2026-01-08T00:00:00,2051760.09219,138656.53384
2026-01-08T04:00:00,4806841.91903,932795.8647
2026-01-08T08:00:00,1701662.05468,553387.6321
2026-01-08T12:00:00,3344604.17595,1043898.64576
2026-01-08T16:00:00,429528.9519,1545455.07196
2026-01-08T20:00:00,589754.5896,375199.3085
2026-01-09T00:00:00,180574.3928,318921.73685
2026-01-09T04:00:00,283799.7271,23665.4265
2026-01-09T08:00:00,1169258.25666,324496.6794
2026-01-09T12:00:00,1120690.72241,4040513.60103
2026-01-09T16:00:00,1806841.51938,215538.33181
2026-01-09T20:00:00,103731.757,600060.1501
2026-01-10T00:00:00,52432.693,7162.9349
2026-01-10T04:00:00,146861.8727,201145.4566
2026-01-10T08:00:00,4712.2264,17058.7486
2026-01-10T12:00:00,11502.0007,40432.1895
2026-01-10T16:00:00,34873.169,11320.931
2026-01-10T20:00:00,497053.08446,2627.8407
2026-01-11T00:00:00,19297.1684,185572.1394
2026-01-11T04:00:00,83980.7551,145804.2693
2026-01-11T08:00:00,8251.9626,10523.2979
2026-01-11T12:00:00,175903.0747,371369.8013
2026-01-11T16:00:00,425767.8816,814660.8593
2026-01-11T20:00:00,1257674.07526,495042.5887
2026-01-12T00:00:00,481041.21984,3505640.4838
2026-01-12T04:00:00,245137.1587,81690.2732
2026-01-12T08:00:00,3472078.15713,67295.92477
2026-01-12T12:00:00,1270911.72532,954723.69257
2026-01-12T16:00:00,1419749.25315,1970496.9421
2026-01-12T20:00:00,367117.20152,515374.44
2026-01-13T00:00:00,27321.5662,474439.9006
2026-01-13T04:00:00,20697.4193,1245787.44625
2026-01-13T08:00:00,231507.2121,1073350.97729
2026-01-13T12:00:00,3375451.32579,3238087.53066
2026-01-13T16:00:00,205359.12765,3882591.3411
2026-01-13T20:00:00,10206417.37311,13625621.39493
2026-01-14T00:00:00,297210.9983,931529.97204
2026-01-14T04:00:00,1242261.5665,406595.804
2026-01-14T08:00:00,671890.7515,197588.1326
2026-01-14T12:00:00,776748.5912,11003188.02948
2026-01-14T16:00:00,1762646.11574,10214488.71532
2026-01-14T20:00:00,722470.89474,887530.23357
2026-01-15T00:00:00,1499975.7066,398599.0151
2026-01-15T04:00:00,220233.0653,283075.0142
2026-01-15T08:00:00,153622.9343,655742.8894
2026-01-15T12:00:00,3408245.16643,1923980.11944
2026-01-15T16:00:00,1320325.59223,1016266.2471
2026-01-15T20:00:00,537165.819,340510.16975
2026-01-16T00:00:00,300801.3466,165380.9687
2026-01-16T04:00:00,174867.8342,288032.9312
2026-01-16T08:00:00,330620.311,178543.9344
2026-01-16T12:00:00,2244994.33837,463477.8666
2026-01-16T16:00:00,272129.0945,353542.11272
2026-01-16T20:00:00,58228.0491,421152.71318
2026-01-17T00:00:00,33513.212,26620.8907
2026-01-17T04:00:00,110197.6701,49779.5869
2026-01-17T08:00:00,42298.4785,53895.7446
2026-01-17T12:00:00,82082.5732,825928.90657
2026-01-17T16:00:00,183944.3038,28878.2051
2026-01-17T20:00:00,437852.0426,23429.6145
2026-01-18T00:00:00,127906.586,35481.0302
2026-01-18T04:00:00,6465.5401,45823.969
2026-01-18T08:00:00,40036.6914,73329.438
2026-01-18T12:00:00,163664.0915,307358.8193
2026-01-18T16:00:00,4192.9461,501876.40057
2026-01-18T20:00:00,7626717.12861,128989.1198
2026-01-19T00:00:00,9732274.30214,832878.39665
2026-01-19T04:00:00,563868.9192,229114.1963
2026-01-19T08:00:00,153362.5679,1073025.16829
2026-01-19T12:00:00,357660.1776,98226.3427
2026-01-19T16:00:00,245241.5602,242645.3407
2026-01-19T20:00:00,1098732.52404,59302.4029
2026-01-20T00:00:00,266548.71431,99826.2267
2026-01-20T04:00:00,9256580.40817,303027.9462
2026-01-20T08:00:00,750063.6391,340983.59606
2026-01-20T12:00:00,4444169.13148,1565065.46185
2026-01-20T16:00:00,17354348.89695,535268.86392
2026-01-20T20:00:00,5782616.13308,300747.6739
2026-01-21T00:00:00,147486.2401,1138768.6635
2026-01-21T04:00:00,785157.5958,479628.00354
2026-01-21T08:00:00,1505706.94974,114333.813
2026-01-21T12:00:00,2356807.45747,2550280.8308
2026-01-21T16:00:00,9100806.23425,4943333.89334
2026-01-21T20:00:00,2504015.27166,161586.44548
2026-01-22T00:00:00,404987.864,172282.8894
2026-01-22T04:00:00,108567.31512,240760.86724
2026-01-22T08:00:00,125736.9613,125738.8233
2026-01-22T12:00:00,4960505.75218,477314.42501
2026-01-22T16:00:00,746338.59534,433058.99324
2026-01-22T20:00:00,601290.76162,135938.874
2026-01-23T00:00:00,51621.4639,611841.92352
2026-01-23T04:00:00,194752.7707,523083.13238
2026-01-23T08:00:00,807418.5271,122498.0952
2026-01-23T12:00:00,1693756.86649,1983576.31251
2026-01-23T16:00:00,1711554.31902,2839661.28156
2026-01-23T20:00:00,438997.1464,61872.2448
2026-01-24T00:00:00,30008.2524,671534.5397
2026-01-24T04:00:00,29049.492,13646.447
2026-01-24T08:00:00,9585.4817,5017.7654
2026-01-24T12:00:00,435503.8707,13599.2296
2026-01-24T16:00:00,269181.2509,10634.7067
2026-01-24T20:00:00,58607.2538,14300.5063
2026-01-25T00:00:00,812892.0659,64002.7077
2026-01-25T04:00:00,268028.2608,3472.835
2026-01-25T08:00:00,1148710.39657,66123.9312
2026-01-25T12:00:00,447772.316,108583.5004
2026-01-25T16:00:00,7433442.88654,427352.85482
2026-01-25T20:00:00,3048656.94286,1160600.33954
2026-01-26T00:00:00,709384.6863,798959.19036
2026-01-26T04:00:00,81809.0548,714143.23867
2026-01-26T08:00:00,202609.0479,313870.41478
2026-01-26T12:00:00,1798277.10144,605217.00214
2026-01-26T16:00:00,745428.19018,1440947.82774
2026-01-26T20:00:00,513032.6418,398745.14745
2026-01-27T00:00:00,30279.548,894095.03653
2026-01-27T04:00:00,323904.51904,122107.7982
2026-01-27T08:00:00,694517.2316,259800.6651
2026-01-27T12:00:00,639397.40696,795632.30394
2026-01-27T16:00:00,1360587.82098,1192317.87791
2026-01-27T20:00:00,139026.1519,2116407.25362
2026-01-28T00:00:00,138341.1284,157990.1951
2026-01-28T04:00:00,158019.9263,131429.6457
2026-01-28T08:00:00,321478.3305,1455392.2522
2026-01-28T12:00:00,977091.43771,1113640.34645
2026-01-28T16:00:00,494209.94475,456702.4336
2026-01-28T20:00:00,445230.2226,482202.031
2026-01-29T00:00:00,4794522.64825,76444.904
2026-01-29T04:00:00,76995.2771,79157.2431
2026-01-29T08:00:00,890474.5578,112224.7217
2026-01-29T12:00:00,20786963.57366,1117435.62146
2026-01-29T16:00:00,12810412.77806,1310509.07682
2026-01-29T20:00:00,280961.5016,297160.8492
2026-01-30T00:00:00,10506024.09372,1780560.22652
2026-01-30T04:00:00,1560661.68094,1303469.07129
2026-01-30T08:00:00,1250127.69023,1231874.40096
2026-01-30T12:00:00,1435618.99505,1303617.89833
2026-01-30T16:00:00,2648842.23477,2848384.00714
2026-01-30T20:00:00,570821.17195,1168323.72235
2026-01-31T00:00:00,113956.3534,84055.3452
2026-01-31T04:00:00,716769.00193,41145.4111
2026-01-31T08:00:00,1477024.05262,365264.3931
2026-01-31T12:00:00,8721910.8498,922051.54373
2026-01-31T16:00:00,27443877.73873,4782173.79134
2026-01-31T20:00:00,843412.17199,2272293.70314
2026-02-01T00:00:00,776638.14958,643864.81916
2026-02-01T04:00:00,786934.82291,356412.35411
2026-02-01T08:00:00,913707.26144,1174377.53785
2026-02-01T12:00:00,6500517.82796,1175167.09732
2026-02-01T16:00:00,1885484.04459,1225218.45265
2026-02-01T20:00:00,4606794.53946,2010058.96383
2026-02-02T00:00:00,6149600.12075,2932845.39844
2026-02-02T04:00:00,2213126.22187,4578515.28183
2026-02-02T08:00:00,315438.22565,2064139.80943
2026-02-02T12:00:00,1430808.84225,3213633.30301
2026-02-02T16:00:00,1613119.48718,259655.9195
2026-02-02T20:00:00,530232.32586,423916.4678
2026-02-03T00:00:00,3278977.30239,1895778.73555
2026-02-03T04:00:00,915152.6573,2632033.93976
2026-02-03T08:00:00,606358.1501,212678.0678
2026-02-03T12:00:00,2612531.29256,852288.6854
2026-02-03T16:00:00,19924076.42491,3206562.02066
2026-02-03T20:00:00,3509875.53624,2717616.95637
2026-02-04T00:00:00,696978.8568,1119167.32518
2026-02-04T04:00:00,234876.0032,205597.87262
2026-02-04T08:00:00,1697731.11095,693812.72488
2026-02-04T12:00:00,5590959.6988,2909921.91572
2026-02-04T16:00:00,5801752.13272,3595251.51289
2026-02-04T20:00:00,5415624.27877,1369072.83249
2026-02-05T00:00:00,6427796.81275,1719054.92191
2026-02-05T04:00:00,5793461.60067,2934517.91585
2026-02-05T08:00:00,2843088.23018,1571754.27436
2026-02-05T12:00:00,22537538.97563,3298560.51195
2026-02-05T16:00:00,15688287.97855,5504795.63912
2026-02-05T20:00:00,38241707.05533,9391847.73333
2026-02-06T00:00:00,22466932.58597,21436189.03883
2026-02-06T04:00:00,3566840.40338,4299117.72767
2026-02-06T08:00:00,1215950.44372,3049412.66339
2026-02-06T12:00:00,2868509.56608,11409979.30458
2026-02-06T16:00:00,5255001.6644,7382872.26457
2026-02-06T20:00:00,1609574.44165,2295325.80622
2026-02-07T00:00:00,2407950.79034,3212241.86154
2026-02-07T04:00:00,21461644.61199,3270847.97815
2026-02-07T08:00:00,1238826.71202,847632.83236
2026-02-07T12:00:00,1546777.54288,3312428.59018
2026-02-07T16:00:00,1312398.55618,1846091.45706
2026-02-07T20:00:00,663669.88624,345197.54776
2026-02-08T00:00:00,402506.79166,313270.45893
2026-02-08T04:00:00,90268.0815,648073.26024
2026-02-08T08:00:00,900626.37712,2753220.58036
2026-02-08T12:00:00,845276.99696,1496573.25798
2026-02-08T16:00:00,1139355.82245,1618602.93333
2026-02-08T20:00:00,2135553.22211,5355325.67309
2026-02-09T00:00:00,814985.25351,1638872.08714
2026-02-09T04:00:00,1696937.93639,236359.67912
2026-02-09T08:00:00,4940555.14232,958065.95134
2026-02-09T12:00:00,3842428.70895,2114922.03638
2026-02-09T16:00:00,936500.21516,2151704.27627
2026-02-09T20:00:00,1001906.49083,369456.26821
2026-02-10T00:00:00,932788.52803,656914.43999
2026-02-10T04:00:00,2022528.3318,248710.348
2026-02-10T08:00:00,2171482.11975,240289.8624
2026-02-10T12:00:00,1429966.02972,3007994.23707
2026-02-10T16:00:00,2313886.23704,1212374.36964
2026-02-10T20:00:00,372768.96243,182111.9324
2026-02-11T00:00:00,933527.25961,271445.65716
2026-02-11T04:00:00,5684830.599,671207.25466
2026-02-11T08:00:00,900528.30054,359437.97468
2026-02-11T12:00:00,4671912.61421,4906996.71578
2026-02-11T16:00:00,1794434.85373,2249866.34875
2026-02-11T20:00:00,1341425.05855,897335.47278
2026-02-12T00:00:00,440369.2944,1068101.79864
2026-02-12T04:00:00,2123750.5145,532638.50725
2026-02-12T08:00:00,259660.3479,1778814.64116
2026-02-12T12:00:00,2071111.13614,988650.31585
2026-02-12T16:00:00,7454977.17969,1317449.60068
2026-02-12T20:00:00,608955.19478,743385.73932
2026-02-13T00:00:00,513266.33421,433380.31848
2026-02-13T04:00:00,843874.29318,176331.2375
2026-02-13T08:00:00,26599.08198,1540865.11936
2026-02-13T12:00:00,984971.11659,7583856.95908
2026-02-13T16:00:00,385507.7844,1862314.91241
2026-02-13T20:00:00,324395.1562,66435.4832
2026-02-14T00:00:00,38798.8385,197516.0593
2026-02-14T04:00:00,294506.37284,585772.34905
2026-02-14T08:00:00,50627.3608,3195416.00202
2026-02-14T12:00:00,2060951.69546,487958.35345
2026-02-14T16:00:00,283997.4368,929209.96689
2026-02-14T20:00:00,567237.0597,1075904.23846
2026-02-15T00:00:00,2979622.79029,297072.31726
2026-02-15T04:00:00,262151.4738,1635951.53887
2026-02-15T08:00:00,1328200.27357,348432.8821
2026-02-15T12:00:00,4916832.7112,710740.7714
2026-02-15T16:00:00,2968736.85545,612524.73146
2026-02-15T20:00:00,411325.32272,848354.7455
2026-02-16T00:00:00,470810.26676,275671.03408
2026-02-16T04:00:00,908384.55012,230329.51344
2026-02-16T08:00:00,504937.8391,692534.40576
2026-02-16T12:00:00,5293018.53582,2031448.62549
2026-02-16T16:00:00,178084.1626,691953.76454
2026-02-16T20:00:00,178255.6594,757771.9725
2026-02-17T00:00:00,796795.68288,450221.54515
2026-02-17T04:00:00,992656.5518,578129.1065
2026-02-17T08:00:00,533462.46446,28051.5481
2026-02-17T12:00:00,3566390.93896,1340292.69314
2026-02-17T16:00:00,1179724.06607,5460874.08036
2026-02-17T20:00:00,558598.10905,316648.6993
2026-02-18T00:00:00,1132939.2946,395263.5395
2026-02-18T04:00:00,6025.862,745976.49966
2026-02-18T08:00:00,13716171.195,744263.2242
2026-02-18T12:00:00,987583.12602,681257.94976
2026-02-18T16:00:00,2235817.02266,940281.2283
2026-02-18T20:00:00,207643.60517,78520.8725
2026-02-19T00:00:00,123561.8404,922012.17142
2026-02-19T04:00:00,328309.46642,293491.87242
2026-02-19T08:00:00,639710.6665,87303.2474
2026-02-19T12:00:00,2526862.98423,1528921.20095
2026-02-19T16:00:00,476197.78866,916661.28496
2026-02-19T20:00:00,265874.46634,468759.9457
2026-02-20T00:00:00,17816.6691,609738.75143
2026-02-20T04:00:00,599513.93594,881319.35145
2026-02-20T08:00:00,735490.3699,248572.3219
2026-02-20T12:00:00,2044839.32782,1628152.51016
2026-02-20T16:00:00,1366932.79856,1156061.04044
2026-02-20T20:00:00,16654.1022,434218.317
2026-02-21T00:00:00,221874.3704,193230.5206
2026-02-21T04:00:00,10624.1579,72245.9054
2026-02-21T08:00:00,16062.896,621162.91172
2026-02-21T12:00:00,138590.3172,576691.7207
2026-02-21T16:00:00,552123.6839,215361.4407
2026-02-21T20:00:00,151181.105,0.0
2026-02-22T00:00:00,451441.4781,107610.4297
2026-02-22T04:00:00,8282.1293,92742.7652
2026-02-22T08:00:00,35541.2846,235718.9609
2026-02-22T12:00:00,1620250.12115,284544.0576
2026-02-22T16:00:00,221427.9289,15990.2992
2026-02-22T20:00:00,18612.8191,225823.18934
2026-02-23T00:00:00,17552539.43284,1013927.07739
2026-02-23T04:00:00,98983.0695,4551557.61713
2026-02-23T08:00:00,238292.03094,1493759.57079
2026-02-23T12:00:00,1933088.9925,930023.03435
2026-02-23T16:00:00,3584125.65182,488994.56582
2026-02-23T20:00:00,2374058.55864,1030919.87299
2026-02-24T00:00:00,3132545.94349,811336.25454
2026-02-24T04:00:00,2670191.41873,1293660.47768
2026-02-24T08:00:00,554654.75336,166128.7691
2026-02-24T12:00:00,844244.4783,2604750.3197
2026-02-24T16:00:00,793403.08972,2436443.97637
2026-02-24T20:00:00,535571.9798,179242.8438
2026-02-25T00:00:00,1446194.3951,3602260.22333
2026-02-25T04:00:00,1542309.77757,692488.81414
2026-02-25T08:00:00,72662.7511,812896.938
2026-02-25T12:00:00,735844.10131,8226497.7334
2026-02-25T16:00:00,706214.43396,11875856.51439
2026-02-25T20:00:00,3946458.19867,2499907.7432
2026-02-26T00:00:00,397055.0918,1048496.36584
2026-02-26T04:00:00,827660.30715,466120.62752
2026-02-26T08:00:00,466368.4378,1138417.96141
2026-02-26T12:00:00,2850981.65352,2195536.28933
2026-02-26T16:00:00,1774647.40178,1835520.85635
2026-02-26T20:00:00,226513.20446,232352.01195
2026-02-27T00:00:00,732842.28388,761177.6787
2026-02-27T04:00:00,284053.5759,1170526.11151
2026-02-27T08:00:00,4579948.25518,929713.26028
2026-02-27T12:00:00,1303182.65193,1942915.79181
2026-02-27T16:00:00,1875109.3946,1046840.78687
2026-02-27T20:00:00,1216522.49498,754234.74193
2026-02-28T00:00:00,507250.13658,333743.0066
2026-02-28T04:00:00,6513488.77653,3444952.41029
2026-02-28T08:00:00,1252507.31,1537150.69578
2026-02-28T12:00:00,1623404.26665,2886172.37195
2026-02-28T16:00:00,314529.44432,4194702.06
2026-02-28T20:00:00,1194371.64946,7578725.38459
2026-03-01T00:00:00,1378954.11362,2090452.42654
2026-03-01T04:00:00,909104.55292,480535.6609
2026-03-01T08:00:00,1975129.23576,664993.33992
2026-03-01T12:00:00,848503.40862,921566.71519
2026-03-01T16:00:00,1470922.2875,1045131.53528
2026-03-01T20:00:00,1885625.2865,1566005.2145
2026-03-02T00:00:00,352043.8405,1909903.47962
2026-03-02T04:00:00,1057671.8917,175735.52346
2026-03-02T08:00:00,516660.38055,1109534.61546
2026-03-02T12:00:00,2048276.24675,5318380.78217
2026-03-02T16:00:00,2264438.73202,2939280.35537
2026-03-02T20:00:00,933793.63144,1051593.37126
2026-03-03T00:00:00,1307253.87084,299627.31743
2026-03-03T04:00:00,1044007.5019,353072.997
2026-03-03T08:00:00,2076906.53465,1175818.30655
2026-03-03T12:00:00,1945702.49852,6090740.63248
2026-03-03T16:00:00,1105207.04425,3668494.1466
2026-03-03T20:00:00,640842.2838,1601286.67376
2026-03-04T00:00:00,2629335.82076,920065.77849
2026-03-04T04:00:00,125183.1146,3016003.30552
2026-03-04T08:00:00,2404267.91271,7502325.51349
2026-03-04T12:00:00,2039312.84916,7435949.83057
2026-03-04T16:00:00,1085881.9006,3298317.60996
2026-03-04T20:00:00,2716312.04162,568648.19942
2026-03-05T00:00:00,60797.0918,158571.804
2026-03-05T04:00:00,1212786.6123,672250.18107
2026-03-05T08:00:00,477549.79802,3016154.27686
2026-03-05T12:00:00,4410997.03726,1646149.98116
2026-03-05T16:00:00,1359400.33101,587358.2444
2026-03-05T20:00:00,973680.0088,366769.7388
2026-03-06T00:00:00,1994844.44629,462661.44748
2026-03-06T04:00:00,1835164.9665,305214.0622
2026-03-06T08:00:00,496053.34758,284765.6153
2026-03-06T12:00:00,16728989.18786,1484591.55583
2026-03-06T16:00:00,1595797.8646,757823.50547
2026-03-06T20:00:00,824026.5083,371920.94308
2026-03-07T00:00:00,237228.4731,144496.8665
2026-03-07T04:00:00,1100414.62667,55992.6597
2026-03-07T08:00:00,269629.43036,142215.7215
2026-03-07T12:00:00,578885.8755,80260.10798
2026-03-07T16:00:00,164970.4643,2367.6513
2026-03-07T20:00:00,113960.40528,650798.80672
2026-03-08T00:00:00,786834.64608,86986.9218
2026-03-08T04:00:00,489663.12647,367784.6568
2026-03-08T08:00:00,543608.88235,2007145.20298
2026-03-08T12:00:00,5134815.60793,566717.6254
2026-03-08T16:00:00,225891.85863,528029.18055
2026-03-08T20:00:00,5762631.57944,1099787.68468
2026-03-09T00:00:00,1078079.26644,1981213.83407
2026-03-09T04:00:00,689141.49754,1526204.43519
2026-03-09T08:00:00,685713.1868,1394412.82079
2026-03-09T12:00:00,697567.66144,4321863.2731
2026-03-09T16:00:00,624527.68187,531636.00473
2026-03-09T20:00:00,719958.16098,19941.55798
2026-03-10T00:00:00,575247.0356,3309362.08155
2026-03-10T04:00:00,264246.0002,997443.78414
2026-03-10T08:00:00,307938.73912,1575475.44094
2026-03-10T12:00:00,2637899.87049,2812031.64973
2026-03-10T16:00:00,1806852.37078,714465.3033
2026-03-10T20:00:00,568242.4478,202907.1027
2026-03-11T00:00:00,369850.6661,173347.72022
2026-03-11T04:00:00,431216.58942,390460.18036
2026-03-11T08:00:00,167021.74564,302957.66848
2026-03-11T12:00:00,1243192.5277,3027224.0376
2026-03-11T16:00:00,971870.13671,1733715.04228
2026-03-11T20:00:00,123311.6698,65949.977
2026-03-12T00:00:00,2254001.77244,98622.167
2026-03-12T04:00:00,280397.0187,44720.1058
2026-03-12T08:00:00,111363.073,1955753.72593
2026-03-12T12:00:00,2099182.12714,555824.23566
2026-03-12T16:00:00,442314.09112,846494.08829
2026-03-12T20:00:00,196134.8975,29662.6109
2026-03-13T00:00:00,977122.58219,4910435.23708
2026-03-13T04:00:00,644870.943,122553.2735
2026-03-13T08:00:00,151069.7043,1448891.27685
2026-03-13T12:00:00,1982592.70059,7806783.64327
2026-03-13T16:00:00,2434707.438,918624.48848
2026-03-13T20:00:00,2301171.75922,264868.73748
2026-03-14T00:00:00,123833.1677,74482.5864
2026-03-14T04:00:00,1316581.84068,232893.3468
2026-03-14T08:00:00,157017.064,10025.74814
2026-03-14T12:00:00,101347.6241,182748.8252
2026-03-14T16:00:00,37466.3734,126937.0465
2026-03-14T20:00:00,37314.0383,209087.8662
2026-03-15T00:00:00,95634.0426,764831.4894
2026-03-15T04:00:00,51660.5206,725015.05685
2026-03-15T08:00:00,2150.9555,276050.055
2026-03-15T12:00:00,418900.9889,248234.4035
2026-03-15T16:00:00,111306.0245,295845.327
2026-03-15T20:00:00,71205.6914,3845810.84251
2026-03-16T00:00:00,386795.3102,601528.40997
2026-03-16T04:00:00,417707.52622,1640322.66154
2026-03-16T08:00:00,355991.12051,555040.51836
2026-03-16T12:00:00,1360124.65123,1651772.68925
2026-03-16T16:00:00,253874.1487,1751895.17852
2026-03-16T20:00:00,28787.0495,1538884.48252
2026-03-17T00:00:00,772146.30739,9685540.62991
2026-03-17T04:00:00,1195780.79224,474761.25758
2026-03-17T08:00:00,465765.404,188421.13402
2026-03-17T12:00:00,1785823.79428,1889374.89717
2026-03-17T16:00:00,520596.612,553828.29816
2026-03-17T20:00:00,403292.2255,206263.03329
2026-03-18T00:00:00,338573.36095,598475.98807
2026-03-18T04:00:00,748276.23832,21059.1929
2026-03-18T08:00:00,116507.80841,308883.1367
2026-03-18T12:00:00,6890690.0512,1381069.95765
2026-03-18T16:00:00,2293862.62722,1167905.2232
2026-03-18T20:00:00,3203197.94787,647454.09239
2026-03-19T00:00:00,422784.05635,537679.0403
2026-03-19T04:00:00,4386454.5954,1769101.64816
2026-03-19T08:00:00,419222.0138,729116.3533
2026-03-19T12:00:00,5306576.22112,1476087.40634
2026-03-19T16:00:00,288725.9109,1060484.32074
2026-03-19T20:00:00,365980.7593,132776.3397
2026-03-20T00:00:00,126761.8954,529500.8166
2026-03-20T04:00:00,282528.6185,353461.853
2026-03-20T08:00:00,1139464.37913,669457.7363
2026-03-20T12:00:00,1511940.93421,879202.04476
2026-03-20T16:00:00,946594.98454,150723.4912
2026-03-20T20:00:00,839731.57058,2552985.01376
2026-03-21T00:00:00,30107.8702,222842.6713
2026-03-21T04:00:00,26771.513,107362.6469
2026-03-21T08:00:00,270452.0113,6917.666
2026-03-21T12:00:00,276340.5959,481067.4796
2026-03-21T16:00:00,195272.3171,15351.9981
2026-03-21T20:00:00,2002197.7647,5907.5275
2026-03-22T00:00:00,1754911.35628,883873.18864
2026-03-22T04:00:00,699868.13444,111585.6023
2026-03-22T08:00:00,1523198.47904,78693.66799
2026-03-22T12:00:00,374176.6428,485539.17409
2026-03-22T16:00:00,1139543.06823,481152.3126
2026-03-22T20:00:00,8742423.69094,1428948.74205
2026-03-23T00:00:00,854987.09773,501423.69624
2026-03-23T04:00:00,2381730.13019,1399291.394
2026-03-23T08:00:00,1002688.6595,7054536.2245
2026-03-23T12:00:00,990369.88912,2534178.73689
2026-03-23T16:00:00,153170.44699,1258284.97274
2026-03-23T20:00:00,194883.48635,204956.4433
2026-03-24T00:00:00,672595.4049,229364.3385
2026-03-24T04:00:00,160857.952,344566.7249
2026-03-24T08:00:00,214751.18237,286576.06827
2026-03-24T12:00:00,2596365.00957,294231.03238
2026-03-24T16:00:00,1593815.26029,699752.9132
2026-03-24T20:00:00,383252.86212,967511.6297
2026-03-25T00:00:00,315282.93051,527702.70285
2026-03-25T04:00:00,187616.2393,711646.05867
2026-03-25T08:00:00,171297.9273,859708.45983
2026-03-25T12:00:00,830346.4101,537844.34148
2026-03-25T16:00:00,217469.0911,608616.31886
2026-03-25T20:00:00,74563.1929,501066.07047
2026-03-26T00:00:00,210155.4563,34066.2319
2026-03-26T04:00:00,1351234.98959,56639.7246
2026-03-26T08:00:00,1391880.03006,145909.9439
2026-03-26T12:00:00,479361.5216,541773.81104
2026-03-26T16:00:00,2105211.92689,212290.89746
2026-03-26T20:00:00,276908.4861,527172.77225
2026-03-27T00:00:00,524583.28285,588068.5759
2026-03-27T04:00:00,412534.73724,101904.6216
2026-03-27T08:00:00,4937862.34461,226696.6966
2026-03-27T12:00:00,3542552.5198,977390.2748
2026-03-27T16:00:00,1576573.55838,309671.7078
2026-03-27T20:00:00,111404.792,84311.52
2026-03-28T00:00:00,412944.57704,277985.8168
2026-03-28T04:00:00,46826.0685,214348.1941
2026-03-28T08:00:00,574988.6157,10419.9131
2026-03-28T12:00:00,66069.75802,1413406.75584
2026-03-28T16:00:00,375147.7588,254961.5794
2026-03-28T20:00:00,264852.32316,36146.665
2026-03-29T00:00:00,290977.3219,468481.68323
2026-03-29T04:00:00,488719.60033,16707.1993
2026-03-29T08:00:00,897650.821,237297.5847
2026-03-29T12:00:00,447864.3656,19343.4267
2026-03-29T16:00:00,424760.0158,139586.9959
2026-03-29T20:00:00,4055183.24924,419580.79098
2026-03-30T00:00:00,721442.82832,3745567.03456
2026-03-30T04:00:00,55532.2621,679335.22867
2026-03-30T08:00:00,259145.00736,980549.86219
2026-03-30T12:00:00,943610.95018,763853.17131
2026-03-30T16:00:00,1832252.5333,208203.0604
2026-03-30T20:00:00,125458.4839,120123.9845
2026-03-31T00:00:00,263963.3824,2895202.41128
2026-03-31T04:00:00,221897.9999,205412.15488
2026-03-31T08:00:00,2698758.5049,79423.8427
2026-03-31T12:00:00,1017473.33316,1340113.9308
2026-03-31T16:00:00,733667.67124,2886086.96425
2026-03-31T20:00:00,226111.4368,586079.62502
2026-04-01T00:00:00,1002912.08085,317622.912
2026-04-01T04:00:00,79131.2281,2031107.67508
2026-04-01T08:00:00,390622.0149,66872.6448
2026-04-01T12:00:00,1309507.9179,1377911.49648
2026-04-01T16:00:00,1154221.336,535005.09585
2026-04-01T20:00:00,385418.64752,393776.407
2026-04-02T00:00:00,5545109.97468,765848.75359
2026-04-02T04:00:00,1311624.28956,170337.4917
2026-04-02T08:00:00,1427829.75423,241911.862
2026-04-02T12:00:00,1262721.52779,1598501.0656
2026-04-02T16:00:00,708230.39809,2159121.71762
2026-04-02T20:00:00,212275.4094,186939.4702
2026-04-03T00:00:00,1089271.7584,178911.46873
2026-04-03T04:00:00,228409.2301,168798.7584
2026-04-03T08:00:00,644429.01941,177154.28829
2026-04-03T12:00:00,236429.56894,303459.7268
2026-04-03T16:00:00,71446.7478,29779.6916
2026-04-03T20:00:00,134472.6657,30499.6779
2026-04-04T00:00:00,21187.443,16909.5584
2026-04-04T04:00:00,7987.0651,98156.4091
2026-04-04T08:00:00,7300.49,737.19
