timestamp,buy_usd,sell_usd
2025-10-06T12:00:00,3162186379.2651,3435936015.2982
2025-10-06T16:00:00,3130780342.1289,2809564668.5935
2025-10-06T20:00:00,1267337872.2923,1531428703.11
2025-10-07T00:00:00,1145820854.6211,1279829727.3265
2025-10-07T04:00:00,1842289090.685,1703316241.5078
2025-10-07T08:00:00,1694104908.9866,1597416131.3615
2025-10-07T12:00:00,5739850142.1126,6804916010.1447
2025-10-07T16:00:00,3814061240.9466,4149696568.8347
2025-10-07T20:00:00,1015536224.4887,1222989187.4468
2025-10-08T00:00:00,1665734892.5821,1523775681.3279
2025-10-08T04:00:00,1417743742.1738,1304509230.2047
2025-10-08T08:00:00,2064829294.6347,1803933443.7076
2025-10-08T12:00:00,2609914203.0491,2702268589.3218
2025-10-08T16:00:00,2755833754.6633,2594476326.7259
2025-10-08T20:00:00,779618169.4436,832052846.8817
2025-10-09T00:00:00,1523874309.7025,1497405861.0284
2025-10-09T04:00:00,871451538.852,970992445.1596
2025-10-09T08:00:00,1826783268.2612,1785633818.1107
2025-10-09T12:00:00,4796688812.7945,6026971501.6485
2025-10-09T16:00:00,3117852444.9994,3956676708.7567
2025-10-09T20:00:00,850492442.2532,856449434.1093
2025-10-10T00:00:00,1228239417.5951,1635998285.5667
2025-10-10T04:00:00,1176469638.4905,1198681482.8389
2025-10-10T08:00:00,847312190.7158,844952624.0348
2025-10-10T12:00:00,5342489659.5398,6245472141.4556
2025-10-10T16:00:00,5092480204.5384,6135286340.3085
2025-10-10T20:00:00,15745528351.5474,18119420668.5101
2025-10-11T00:00:00,3374166355.6675,3706434889.5493
2025-10-11T04:00:00,2337329656.8077,3219756481.5642
2025-10-11T08:00:00,1709110289.2765,1711894241.756
2025-10-11T12:00:00,1082205147.7229,1339147860.5575
2025-10-11T16:00:00,1120645762.9757,1408990364.1014
2025-10-11T20:00:00,1670154866.3164,1886153729.3543
2025-10-12T00:00:00,2392822590.8521,2257838329.6209
2025-10-12T04:00:00,1415443266.4012,1336368548.9893
2025-10-12T08:00:00,1303461280.9057,1385486909.3472
2025-10-12T12:00:00,4404087697.0908,4455836851.5137
2025-10-12T16:00:00,3297212990.5467,3303892881.7863
2025-10-12T20:00:00,3041371430.853,3064607534.4223
2025-10-13T00:00:00,2162463818.3476,2456073793.4111
2025-10-13T04:00:00,2175097724.8261,2172636271.6057
2025-10-13T08:00:00,2095423780.8429,2379138928.8221
2025-10-13T12:00:00,3822660799.4729,3949605841.5762
2025-10-13T16:00:00,2828512132.2609,2575587864.9302
2025-10-13T20:00:00,981985832.3802,1128065512.4231
2025-10-14T00:00:00,2203746306.7398,2404498315.7815
2025-10-14T04:00:00,4323061841.9443,4897000343.9182
2025-10-14T08:00:00,3150277090.3767,3310528102.5167
2025-10-14T12:00:00,4144407637.3849,4039748106.435
2025-10-14T16:00:00,3528278978.3963,4229517984.542
2025-10-14T20:00:00,1009051992.1666,1014964672.4068
2025-10-15T00:00:00,1555383915.9861,1627015752.859
2025-10-15T04:00:00,1077250435.9079,982082217.3259
2025-10-15T08:00:00,1886110980.7074,2155401993.9814
2025-10-15T12:00:00,3030057598.5937,3031467542.8123
2025-10-15T16:00:00,1469879448.3847,1465997879.704
2025-10-15T20:00:00,1026465956.2511,1063663158.9283
2025-10-16T00:00:00,1152640051.048,1091429815.4153
2025-10-16T04:00:00,1398881873.871,1505150205.8344
2025-10-16T08:00:00,2554002581.3214,2631332944.5728
2025-10-16T12:00:00,3747445811.1626,4632496163.97
2025-10-16T16:00:00,3553442899.3417,3693400024.3719
2025-10-16T20:00:00,1108046042.6242,1149907523.1239
2025-10-17T00:00:00,1209099531.1232,1025390122.4796
2025-10-17T04:00:00,2868019376.301,3774022399.9643
2025-10-17T08:00:00,5984627683.4667,5734064837.852
2025-10-17T12:00:00,3966180766.4775,4080921530.8334
2025-10-17T16:00:00,1882896448.8559,1974040556.6748
2025-10-17T20:00:00,791112695.6362,905735890.8061
2025-10-18T00:00:00,1020521658.0777,1159946031.4898
2025-10-18T04:00:00,1182179273.5819,1576975464.747
2025-10-18T08:00:00,523247676.3089,439391463.4358
2025-10-18T12:00:00,665430649.1543,689681606.2461
2025-10-18T16:00:00,560657904.8171,580576075.4808
2025-10-18T20:00:00,434714559.606,432610364.8178
2025-10-19T00:00:00,647367056.8961,706824310.5326
2025-10-19T04:00:00,272897464.1657,309607509.891
2025-10-19T08:00:00,3444420500.4031,3192306311.3775
2025-10-19T12:00:00,1544135656.7304,1502534077.6384
2025-10-19T16:00:00,1471905904.8247,1435893659.9349
2025-10-19T20:00:00,738732573.5844,824630541.1308
2025-10-20T00:00:00,2258198419.3643,2166278433.0261
2025-10-20T04:00:00,2136711344.0456,2207783647.7873
2025-10-20T08:00:00,1380494051.7188,1395567814.64
2025-10-20T12:00:00,1615014277.043,1691736892.4406
2025-10-20T16:00:00,2006088309.9849,2300889764.1812
2025-10-20T20:00:00,710209607.0352,705177769.137
2025-10-21T00:00:00,1188981103.3722,1504726904.9596
2025-10-21T04:00:00,2474922081.4653,2535650379.246
2025-10-21T08:00:00,1354268309.789,1190465849.3499
2025-10-21T12:00:00,5739697092.3225,5616406830.2861
2025-10-21T16:00:00,3463106754.4894,3785688287.952
2025-10-21T20:00:00,2673932706.8781,3169866569.9736
2025-10-22T00:00:00,935335511.3305,912910176.3564
2025-10-22T04:00:00,1509612701.5091,1407949323.665
2025-10-22T08:00:00,1995097142.1346,2140528914.1173
2025-10-22T12:00:00,4651678453.9568,4035930676.8148
2025-10-22T16:00:00,1829183225.6087,1887801044.6015
2025-10-22T20:00:00,1153409829.3184,1269524306.6908
2025-10-23T00:00:00,1297117442.7798,1161997887.6634
2025-10-23T04:00:00,1897159603.4561,1930249259.2665
2025-10-23T08:00:00,965577451.4206,1089750714.9045
2025-10-23T12:00:00,2183977077.7075,2346827394.1099
2025-10-23T16:00:00,2001535170.259,2066159250.5764
2025-10-23T20:00:00,1035672056.1748,1129250101.5494
2025-10-24T00:00:00,723525903.2981,688386817.2232
2025-10-24T04:00:00,1490539118.5177,1390640613.9333
2025-10-24T08:00:00,1068753771.9636,1183033752.7349
2025-10-24T12:00:00,1687582184.9792,1640012204.5528
2025-10-24T16:00:00,912667433.2426,796500093.3397
2025-10-24T20:00:00,565684894.1485,611046576.0393
2025-10-25T00:00:00,401178036.1937,505660187.2755
2025-10-25T04:00:00,716893223.4604,657300020.8834
2025-10-25T08:00:00,601100278.167,660958055.8952
2025-10-25T12:00:00,349934857.0169,361610552.1547
2025-10-25T16:00:00,576872111.7321,570126218.9927
2025-10-25T20:00:00,306224080.8712,303548822.5156
2025-10-26T00:00:00,518804027.5129,589162980.8966
2025-10-26T04:00:00,289553356.3157,260558504.3121
2025-10-26T08:00:00,2140834732.1336,1785400619.3615
2025-10-26T12:00:00,2054066690.3832,2003162585.8185
2025-10-26T16:00:00,637493360.3449,723858105.8272
2025-10-26T20:00:00,2066271821.4527,1771382575.5685
2025-10-27T00:00:00,1410489318.454,1536843817.5677
2025-10-27T04:00:00,2442895008.6435,2209563243.7444
2025-10-27T08:00:00,1362601369.2579,1523533084.6119
2025-10-27T12:00:00,1629378765.0446,1789724040.5164
2025-10-27T16:00:00,1120568290.8212,1255858037.2154
2025-10-27T20:00:00,1099036065.801,1268066024.6557
2025-10-28T00:00:00,1289108183.8186,1184864540.5796
2025-10-28T04:00:00,1069747769.8891,933990536.2712
2025-10-28T08:00:00,746917274.3699,777928499.6914
2025-10-28T12:00:00,3101976862.1045,3161474255.401
2025-10-28T16:00:00,1819214420.04,1979448488.1336
2025-10-28T20:00:00,2055293611.5667,2434440144.8553
2025-10-29T00:00:00,1243317940.0603,1207457735.3267
2025-10-29T04:00:00,1190819542.4777,902486304.3525
2025-10-29T08:00:00,914137620.9493,1043366661.3857
2025-10-29T12:00:00,2228899242.0725,2957628341.3571
2025-10-29T16:00:00,4657565609.4626,5223383412.9711
2025-10-29T20:00:00,1486634806.5985,1413638476.8326
2025-10-30T00:00:00,1287981679.8015,1202829450.3953
2025-10-30T04:00:00,3766565064.7032,4058712287.6621
2025-10-30T08:00:00,1432554938.1002,1727308662.7541
2025-10-30T12:00:00,3655326594.5843,4034742584.4437
2025-10-30T16:00:00,2495913790.5446,2835263868.9687
2025-10-30T20:00:00,1686805950.7607,1439534984.8616
2025-10-31T00:00:00,2339108829.3571,2337059202.896
2025-10-31T04:00:00,1297950098.7801,1203318503.5031
2025-10-31T08:00:00,1524311213.1416,1395539455.6204
2025-10-31T12:00:00,3527456076.5494,3249576619.7453
2025-10-31T16:00:00,1887473858.0334,1937432360.4559
2025-10-31T20:00:00,561105246.4436,468179719.3998
2025-11-01T00:00:00,707684432.5186,553515218.6492
2025-11-01T04:00:00,484528431.3481,493436249.6695
2025-11-01T08:00:00,371053231.2713,405093191.9215
2025-11-01T12:00:00,712768111.3265,679377142.8148
2025-11-01T16:00:00,330885915.1657,318319446.1343
2025-11-01T20:00:00,303823193.0221,333186551.7565
2025-11-02T00:00:00,366383571.5221,321885373.9871
2025-11-02T04:00:00,958676459.7911,856710542.1356
2025-11-02T08:00:00,886028082.3395,960841109.1206
2025-11-02T12:00:00,948930642.9427,1112880060.5974
2025-11-02T16:00:00,573216557.3713,790361808.3129
2025-11-02T20:00:00,649227054.1697,719681262.2913
2025-11-03T00:00:00,1791801951.6405,2250067016.2232
2025-11-03T04:00:00,1981957715.6511,1857106887.646
2025-11-03T08:00:00,905816383.1387,905140948.6539
2025-11-03T12:00:00,3447431126.6773,3625812381.161
2025-11-03T16:00:00,2646262002.1593,2706016715.3321
2025-11-03T20:00:00,1004860688.3245,1038767749.7324
2025-11-04T00:00:00,1642863687.8875,1435761204.9071
2025-11-04T04:00:00,2631111079.6042,3151399484.0354
2025-11-04T08:00:00,2049582102.3466,2240533579.8705
2025-11-04T12:00:00,1162413400.4902,1262188749.1373
2025-11-04T16:00:00,5254118187.7886,5967322166.0032
2025-11-04T20:00:00,4260511488.3515,4226352646.0638
2025-11-05T00:00:00,3682530488.6212,3656339916.2738
2025-11-05T04:00:00,1286626137.5772,1521114054.6835
2025-11-05T08:00:00,1027545031.5248,999167382.7152
2025-11-05T12:00:00,2689029955.2464,2498150575.9262
2025-11-05T16:00:00,1552627893.992,1654473747.4071
2025-11-05T20:00:00,925857857.7711,911187257.628
2025-11-06T00:00:00,1168180269.2102,1353235948.3328
2025-11-06T04:00:00,1021403208.1117,949554531.7839
2025-11-06T08:00:00,464771810.8896,568399069.7353
2025-11-06T12:00:00,2966540144.2948,2943887817.6483
2025-11-06T16:00:00,3253387286.3228,2940075002.2656
2025-11-06T20:00:00,1125283403.4687,1067586488.5395
2025-11-07T00:00:00,1412793157.16,1429921269.0395
2025-11-07T04:00:00,890621824.2481,953565386.9647
2025-11-07T08:00:00,1823446182.1353,2269801994.7529
2025-11-07T12:00:00,3218030787.8096,3173749561.5906
2025-11-07T16:00:00,2533529709.5114,2363788524.2375
2025-11-07T20:00:00,1219554621.0396,1247862554.6029
2025-11-08T00:00:00,1028313499.0666,1219327058.995
2025-11-08T04:00:00,950793545.4166,1058637679.6381
2025-11-08T08:00:00,777164842.8539,837512609.3625
2025-11-08T12:00:00,906896996.964,1093123930.727
2025-11-08T16:00:00,642337216.4081,665671713.9951
2025-11-08T20:00:00,352236334.0515,363312413.634
2025-11-09T00:00:00,563844770.9858,639617694.5598
2025-11-09T04:00:00,493211345.5163,469218643.0677
2025-11-09T08:00:00,762528214.1716,670971824.847
2025-11-09T12:00:00,2243219902.3158,2067074265.5357
2025-11-09T16:00:00,1554419595.906,1359849037.3995
2025-11-09T20:00:00,1303381489.5235,1345973319.6934
2025-11-10T00:00:00,2422459251.7098,2424430362.6717
2025-11-10T04:00:00,906239941.0475,1005604195.1909
2025-11-10T08:00:00,961331630.8952,1040775786.304
2025-11-10T12:00:00,2422337866.0284,2638568996.7995
2025-11-10T16:00:00,1231748754.3609,1221147181.7115
2025-11-10T20:00:00,872886853.1771,875963237.8863
2025-11-11T00:00:00,2290778120.848,2101357631.413
2025-11-11T04:00:00,1397789806.8486,1595316753.1175
2025-11-11T08:00:00,871451631.3614,893207169.5186
2025-11-11T12:00:00,2345285093.1066,2745223852.4056
2025-11-11T16:00:00,1369350404.7316,1429690543.5435
2025-11-11T20:00:00,1110067993.2527,1108198572.5673
2025-11-12T00:00:00,938509374.02,894324598.4336
2025-11-12T04:00:00,565178658.3228,650770653.0693
2025-11-12T08:00:00,2025704317.1964,1833050593.3524
2025-11-12T12:00:00,2717427698.3878,3244788475.8365
2025-11-12T16:00:00,2613408590.7477,2718667446.2856
2025-11-12T20:00:00,851337586.7743,751823497.5121
2025-11-13T00:00:00,1554380512.1055,1596602555.1267
2025-11-13T04:00:00,2442494151.5765,2355774686.2202
2025-11-13T08:00:00,1233566825.5398,1460196809.8579
2025-11-13T12:00:00,3084944545.3103,3237432592.5322
2025-11-13T16:00:00,4896357890.0896,5230150459.6425
2025-11-13T20:00:00,2716690415.9418,2574329200.6968
2025-11-14T00:00:00,1717157256.386,2124762240.83
2025-11-14T04:00:00,4271929430.1299,5192845595.7946
2025-11-14T08:00:00,1935498529.7405,2199271180.8957
2025-11-14T12:00:00,5233960348.3439,5536901042.2176
2025-11-14T16:00:00,2683183867.1363,3042502498.1358
2025-11-14T20:00:00,2037686507.0016,2191038107.3469
2025-11-15T00:00:00,1998194378.313,1440767305.8876
2025-11-15T04:00:00,886591471.0103,890972553.6351
2025-11-15T08:00:00,772655950.872,842470149.4665
2025-11-15T12:00:00,825682086.3846,864211921.8742
2025-11-15T16:00:00,720998702.8176,828130802.756
2025-11-15T20:00:00,711929740.9088,750477963.1644
2025-11-16T00:00:00,893422809.8608,815465338.4648
2025-11-16T04:00:00,567317340.1531,548037632.4861
2025-11-16T08:00:00,1023258931.2502,1127080984.5084
2025-11-16T12:00:00,1087195446.4123,1361233417.2769
2025-11-16T16:00:00,2660337307.3666,2880587922.8826
2025-11-16T20:00:00,2143639347.1877,2348043805.2196
2025-11-17T00:00:00,1670464042.5479,1517416112.6709
2025-11-17T04:00:00,927095217.0194,1085337587.0622
2025-11-17T08:00:00,874552807.2291,994057489.7647
2025-11-17T12:00:00,3567191281.2208,3791781990.3053
2025-11-17T16:00:00,3481748611.9627,3985376181.2722
2025-11-17T20:00:00,1873975890.8135,1997362561.6651
2025-11-18T00:00:00,3079003557.2953,3747498793.2978
2025-11-18T04:00:00,2651887242.2859,2921091158.7811
2025-11-18T08:00:00,1788736050.8225,1784743713.6057
2025-11-18T12:00:00,3536061014.2268,3584446236.2556
2025-11-18T16:00:00,2077049879.3083,2164685450.9917
2025-11-18T20:00:00,282834200.1869,269747760.7322
2025-11-19T00:00:00,1042491475.2375,1216474932.3871
2025-11-19T04:00:00,2087669102.5434,2343016479.1509
2025-11-19T08:00:00,1183262625.619,1322506452.9371
2025-11-19T12:00:00,2590605280.3396,2909266967.1797
2025-11-19T16:00:00,2853596710.098,2985854858.1528
2025-11-19T20:00:00,1880971946.447,1739957971.3332
2025-11-20T00:00:00,1278516493.6229,1365577841.6717
2025-11-20T04:00:00,1326091913.0582,1397554539.0744
2025-11-20T08:00:00,834455862.8304,998719892.054
2025-11-20T12:00:00,2306507831.2407,2254300356.1508
2025-11-20T16:00:00,5342557182.439,6123119816.4629
2025-11-20T20:00:00,1792577241.4762,1577395806.0278
2025-11-21T00:00:00,1679654307.3097,2297417355.0058
2025-11-21T04:00:00,4045448607.1468,5257124608.301
2025-11-21T08:00:00,3741824435.3531,4256727938.1195
2025-11-21T12:00:00,5778677544.4786,5745343995.2533
2025-11-21T16:00:00,4306947839.1582,4277681084.0307
2025-11-21T20:00:00,1590172104.1142,1533973582.4527
2025-11-22T00:00:00,900251435.937,1022622164.7854
2025-11-22T04:00:00,755284386.615,759449997.4568
2025-11-22T08:00:00,854544300.9225,920492779.3822
2025-11-22T12:00:00,835144509.7577,867948689.6144
2025-11-22T16:00:00,454217654.5542,464284057.7586
2025-11-22T20:00:00,471239633.9533,371447350.0144
2025-11-23T00:00:00,1300535824.2186,1082778930.7663
2025-11-23T04:00:00,958110304.4519,1074458907.6998
2025-11-23T08:00:00,644749911.1282,691036461.2333
2025-11-23T12:00:00,1178703099.332,1249815667.012
2025-11-23T16:00:00,1107717315.9907,1066180835.7035
2025-11-23T20:00:00,815569779.0039,727438868.9511
2025-11-24T00:00:00,1906114031.6164,1912466667.3862
2025-11-24T04:00:00,1152764473.1782,1279500980.9509
2025-11-24T08:00:00,1166488917.2963,1294941651.4089
2025-11-24T12:00:00,1766610441.5072,1879746408.4657
2025-11-24T16:00:00,2447953939.9684,2341871688.3071
2025-11-24T20:00:00,1175248962.6057,1108697943.1483
2025-11-25T00:00:00,910028539.6011,1036263982.7286
2025-11-25T04:00:00,692572202.83,589021629.697
2025-11-25T08:00:00,1121738219.2354,1336734105.3285
2025-11-25T12:00:00,1583752642.3642,1925425196.1293
2025-11-25T16:00:00,1292575272.6713,1147036118.2311
2025-11-25T20:00:00,873911146.9396,878327225.9012
2025-11-26T00:00:00,794122763.2323,747806312.0191
2025-11-26T04:00:00,671954658.4679,635259678.8118
2025-11-26T08:00:00,766660367.9332,868613098.5264
2025-11-26T12:00:00,1383127295.3921,1551072078.4763
2025-11-26T16:00:00,2885744869.3044,2666039846.2387
2025-11-26T20:00:00,990084402.0812,966878749.8871
2025-11-27T00:00:00,1785941590.9895,1523222000.0996
2025-11-27T04:00:00,709075383.7091,723245963.6978
2025-11-27T08:00:00,851788870.2383,975092348.8577
2025-11-27T12:00:00,1192447340.8442,1345310933.089
2025-11-27T16:00:00,960494697.2183,868001388.113
2025-11-27T20:00:00,329041246.8213,358367575.9941
2025-11-28T00:00:00,726364348.6908,761620327.2199
2025-11-28T04:00:00,525353615.5064,574517695.3059
2025-11-28T08:00:00,913858562.9884,809095118.5515
2025-11-28T12:00:00,2489128868.4641,2214686020.6871
2025-11-28T16:00:00,2322884502.8549,2409516157.346
2025-11-28T20:00:00,468214450.4852,472505971.1998
2025-11-29T00:00:00,355875073.2051,411154521.8077
2025-11-29T04:00:00,415054846.056,486023029.1028
2025-11-29T08:00:00,314870303.0328,316075772.0474
2025-11-29T12:00:00,315552365.6399,294739087.7897
2025-11-29T16:00:00,740968323.9741,852193213.4233
2025-11-29T20:00:00,450253093.5834,448730254.4789
2025-11-30T00:00:00,227567315.1093,216884031.7212
2025-11-30T04:00:00,192172125.7354,180629957.6352
2025-11-30T08:00:00,815136435.7327,682040224.3281
2025-11-30T12:00:00,954649975.8503,813893732.3941
2025-11-30T16:00:00,534275166.887,471140362.6716
2025-11-30T20:00:00,391421507.5717,462186848.8989
2025-12-01T00:00:00,3874292365.5804,4572822438.3861
2025-12-01T04:00:00,1458371114.292,1464035812.2275
2025-12-01T08:00:00,725534758.6036,767902581.3303
2025-12-01T12:00:00,2944771668.7649,2889431518.838
2025-12-01T16:00:00,2496333918.853,2053134472.4018
2025-12-01T20:00:00,1885710182.3448,1531837429.927
2025-12-02T00:00:00,1153081868.0474,994110221.132
2025-12-02T04:00:00,542964527.7911,568322157.9119
2025-12-02T08:00:00,1086373606.8461,1080740235.159
2025-12-02T12:00:00,2455676175.0706,2276161830.6014
2025-12-02T16:00:00,2916227010.1874,2804166497.8211
2025-12-02T20:00:00,1610076421.2494,2069761445.5736
2025-12-03T00:00:00,1786750759.2424,1417722173.0395
2025-12-03T04:00:00,1966757044.9071,1900447269.22
2025-12-03T08:00:00,1063271527.6176,1022339779.0353
2025-12-03T12:00:00,2537650101.9044,3032247933.021
2025-12-03T16:00:00,1821431570.3767,1656228719.1458
2025-12-03T20:00:00,1093410277.9152,928846762.6195
2025-12-04T00:00:00,1295692943.4238,1139923388.951
2025-12-04T04:00:00,764290279.684,809830761.036
2025-12-04T08:00:00,668342665.7755,659639434.3033
2025-12-04T12:00:00,1336047829.9819,1616063576.18
2025-12-04T16:00:00,1340253771.8912,1424595561.2806
2025-12-04T20:00:00,736427675.8129,711071174.3453
2025-12-05T00:00:00,510468692.5686,443854897.5317
2025-12-05T04:00:00,550950990.382,534749638.5371
2025-12-05T08:00:00,1011868625.8228,1094305118.8105
2025-12-05T12:00:00,1708585419.3484,2001643105.3366
2025-12-05T16:00:00,3245734758.5157,3620796547.9107
2025-12-05T20:00:00,655942348.8213,625228761.0581
2025-12-06T00:00:00,426575668.6704,338023398.4741
2025-12-06T04:00:00,253257033.9801,271490884.0535
2025-12-06T08:00:00,401853103.4139,472656466.5436
2025-12-06T12:00:00,659676153.1772,505496361.169
2025-12-06T16:00:00,284104773.2501,293687252.1204
2025-12-06T20:00:00,224198127.5787,223814081.654
2025-12-07T00:00:00,304536097.5396,234271009.6051
2025-12-07T04:00:00,224349250.7174,246478342.6338
2025-12-07T08:00:00,369076436.8224,413521139.0756
2025-12-07T12:00:00,1407661307.0277,1567523170.9193
2025-12-07T16:00:00,2120595625.5143,1877367494.4948
2025-12-07T20:00:00,1425073405.8037,1607110715.4628
2025-12-08T00:00:00,1126442496.4336,1056885558.1837
2025-12-08T04:00:00,502290838.7491,464825471.3381
2025-12-08T08:00:00,801417405.7193,730307969.8001
2025-12-08T12:00:00,1802013409.4337,2060052783.5395
2025-12-08T16:00:00,1575766536.4447,1650188682.5269
2025-12-08T20:00:00,851948329.1993,773162210.4903
2025-12-09T00:00:00,566438146.1558,588701774.9632
2025-12-09T04:00:00,878419890.3217,1086018282.8491
2025-12-09T08:00:00,529175550.8971,581384458.736
2025-12-09T12:00:00,1076334679.5898,1147403827.7596
2025-12-09T16:00:00,3597537671.3062,3308562522.0134
2025-12-09T20:00:00,1418973725.8816,1488926710.4467
2025-12-10T00:00:00,812421742.0814,902855299.4939
2025-12-10T04:00:00,440124934.4291,393141632.8779
2025-12-10T08:00:00,863198595.7857,1004241859.1627
2025-12-10T12:00:00,891130675.7072,946784264.1042
2025-12-10T16:00:00,1416977114.8344,1337065098.9595
2025-12-10T20:00:00,2493920418.848,2496649555.8855
2025-12-11T00:00:00,1557310100.3015,2078086856.5046
2025-12-11T04:00:00,866516903.8185,762107404.9356
2025-12-11T08:00:00,607293673.8184,577310533.9937
2025-12-11T12:00:00,1207888156.8497,1455532994.6642
2025-12-11T16:00:00,1689639199.3046,1499773079.8994
2025-12-11T20:00:00,2555130800.159,2385593137.3362
2025-12-12T00:00:00,1046086298.4429,1208541363.6697
2025-12-12T04:00:00,486999766.9632,542512312.9359
2025-12-12T08:00:00,483073017.4863,469976197.3062
2025-12-12T12:00:00,902006458.8256,874624896.6034
2025-12-12T16:00:00,2189682843.7829,2050855091.8633
2025-12-12T20:00:00,492343145.3401,525347982.6735
2025-12-13T00:00:00,217127580.1263,269173973.9087
2025-12-13T04:00:00,139698604.9163,154031614.2536
2025-12-13T08:00:00,372588437.6998,318031329.8321
2025-12-13T12:00:00,408939728.1503,497524081.2303
2025-12-13T16:00:00,235372841.2024,224817340.6819
2025-12-13T20:00:00,267575232.7741,269088036.8958
2025-12-14T00:00:00,355948630.7058,410447274.2868
2025-12-14T04:00:00,172370863.8338,215253039.6259
2025-12-14T08:00:00,308462302.0072,402846106.9363
2025-12-14T12:00:00,809519524.2144,812688389.8027
2025-12-14T16:00:00,796362358.1277,761446319.0771
2025-12-14T20:00:00,649464836.7997,839746133.7943
2025-12-15T00:00:00,1527741047.0468,1485857970.2552
2025-12-15T04:00:00,485344952.9013,499748696.0614
2025-12-15T08:00:00,482894709.4839,511903376.7829
2025-12-15T12:00:00,1607436368.9587,1896562138.732
2025-12-15T16:00:00,2463320292.3594,2799893102.8613
2025-12-15T20:00:00,940031340.3488,904544477.2062
2025-12-16T00:00:00,636906593.9906,626025081.394
2025-12-16T04:00:00,691262357.0518,635742140.0719
2025-12-16T08:00:00,804105275.8931,799738534.1384
2025-12-16T12:00:00,2199758521.011,2415432818.6571
2025-12-16T16:00:00,1280039989.4876,1233915091.679
2025-12-16T20:00:00,414513589.7162,410711342.6082
2025-12-17T00:00:00,553030255.5253,675198912.6273
2025-12-17T04:00:00,1016682403.5322,1079148624.5666
2025-12-17T08:00:00,699064708.9422,683863664.9597
2025-12-17T12:00:00,2496607860.6839,2235489346.3402
2025-12-17T16:00:00,2634167133.9217,2566050705.3082
2025-12-17T20:00:00,825655974.972,694416061.5666
2025-12-18T00:00:00,707805606.7052,641018556.875
2025-12-18T04:00:00,416901631.5555,476638133.4234
2025-12-18T08:00:00,683736165.4341,613559792.4182
2025-12-18T12:00:00,3220730427.3719,3259821932.1528
2025-12-18T16:00:00,3127264188.2403,3282828001.2293
2025-12-18T20:00:00,1524283770.1446,1323209879.931
2025-12-19T00:00:00,677455503.3457,615788975.2498
2025-12-19T04:00:00,893616463.5523,922246127.7069
2025-12-19T08:00:00,780494476.2055,720213953.9315
2025-12-19T12:00:00,1687850721.7593,1635704426.2561
2025-12-19T16:00:00,1595417026.9484,1770477814.7492
2025-12-19T20:00:00,779385935.6164,666905227.7479
2025-12-20T00:00:00,270524093.1014,259444153.4784
2025-12-20T04:00:00,308814574.4804,297862869.2044
2025-12-20T08:00:00,183108019.6969,193944935.9171
2025-12-20T12:00:00,518598614.0772,532936698.9052
2025-12-20T16:00:00,252908038.7657,194365440.0193
2025-12-20T20:00:00,186447906.7617,177597638.4108
2025-12-21T00:00:00,376254947.7719,457900050.1016
2025-12-21T04:00:00,149777971.4583,146205507.5296
2025-12-21T08:00:00,918256125.8505,805363095.361
2025-12-21T12:00:00,1280129388.5101,1550208972.4995
2025-12-21T16:00:00,576498734.8258,581139142.1076
2025-12-21T20:00:00,390105743.7324,356296082.5881
2025-12-22T00:00:00,1846458817.8505,1776835575.286
2025-12-22T04:00:00,550179838.1204,533207762.8679
2025-12-22T08:00:00,1499389006.055,1334021678.6273
2025-12-22T12:00:00,2481523518.1617,2477125988.4587
2025-12-22T16:00:00,1462649888.1972,1672333099.7764
2025-12-22T20:00:00,1105519519.1334,1006034105.0418
2025-12-23T00:00:00,947712988.5588,1005512359.2493
2025-12-23T04:00:00,1003578594.2358,1296941859.519
2025-12-23T08:00:00,439170954.7156,481157354.6518
2025-12-23T12:00:00,1293217008.8709,1595435791.6822
2025-12-23T16:00:00,1630707767.5484,1564402177.453
2025-12-23T20:00:00,664146448.8262,603537758.4298
2025-12-24T00:00:00,623491080.8105,678150940.9758
2025-12-24T04:00:00,488614015.3941,556080638.7506
2025-12-24T08:00:00,473070929.6442,437671274.4976
2025-12-24T12:00:00,916691228.4012,1046166809.0798
2025-12-24T16:00:00,749947614.4975,683388825.6443
2025-12-24T20:00:00,320152533.9633,281041789.521
2025-12-25T00:00:00,302227523.8325,273930688.9266
2025-12-25T04:00:00,143776953.1863,211192046.8714
2025-12-25T08:00:00,394622924.6151,477083171.7126
2025-12-25T12:00:00,278262465.5279,268958952.53
2025-12-25T16:00:00,465369981.6449,501381400.7705
2025-12-25T20:00:00,407341483.217,509909586.0631
2025-12-26T00:00:00,1935382708.6188,1774825251.1831
2025-12-26T04:00:00,646261470.1046,619455504.6171
2025-12-26T08:00:00,651633800.1714,507756168.053
2025-12-26T12:00:00,1473242750.3467,1539381589.4663
2025-12-26T16:00:00,922166812.8422,964547993.2665
2025-12-26T20:00:00,336022280.0387,422751693.7019
2025-12-27T00:00:00,198564838.1,233709986.8311
2025-12-27T04:00:00,114742570.0041,122216402.6857
2025-12-27T08:00:00,218728532.0763,256635710.7304
2025-12-27T12:00:00,201515981.2266,191737385.7043
2025-12-27T16:00:00,103464955.3311,135483779.4558
2025-12-27T20:00:00,288306659.6479,250705126.2479
2025-12-28T00:00:00,219266120.7819,243828258.61
2025-12-28T04:00:00,150779267.371,160613616.3361
2025-12-28T08:00:00,305912639.8699,265374731.4531
2025-12-28T12:00:00,281141231.4544,251510952.8823
2025-12-28T16:00:00,389809071.2652,413277655.0797
2025-12-28T20:00:00,278840984.463,221885769.4734
2025-12-29T00:00:00,1865482915.9559,1711849078.3447
2025-12-29T04:00:00,1039700359.9398,1278561978.4707
2025-12-29T08:00:00,2239414905.4583,2142910503.0176
2025-12-29T12:00:00,2286552174.2278,2279033772.8364
2025-12-29T16:00:00,675497982.2785,767207872.509
2025-12-29T20:00:00,459521709.6122,446599651.3359
2025-12-30T00:00:00,447087841.9534,485325418.6481
2025-12-30T04:00:00,355577300.7604,328426004.2168
2025-12-30T08:00:00,1091495442.62,1137483514.4906
2025-12-30T12:00:00,1286337367.0351,1186175087.4552
2025-12-30T16:00:00,1463832932.9194,1598370762.6776
2025-12-30T20:00:00,484226206.8149,424789783.8295
2025-12-31T00:00:00,501196487.5606,522489840.104
2025-12-31T04:00:00,274229822.2511,250815650.3164
2025-12-31T08:00:00,512788072.6692,453628479.7272
2025-12-31T12:00:00,939736677.7257,1113576122.8871
2025-12-31T16:00:00,1264732929.8878,1105001296.3141
2025-12-31T20:00:00,526473096.0805,545618198.2633
2026-01-01T00:00:00,348530166.7413,316209977.5049
2026-01-01T04:00:00,242984670.7456,279330415.7487
2026-01-01T08:00:00,293650041.4645,200018069.7303
2026-01-01T12:00:00,276670595.4829,359668280.5128
2026-01-01T16:00:00,525646565.1094,529048545.9958
2026-01-01T20:00:00,280992456.2669,274361107.5581
2026-01-02T00:00:00,535947120.0894,712706998.3542
2026-01-02T04:00:00,474558656.7981,613600286.7329
2026-01-02T08:00:00,1405595994.5589,1347927214.0526
2026-01-02T12:00:00,2025038888.8275,2002022139.0623
2026-01-02T16:00:00,2755593565.3324,2771736200.2399
2026-01-02T20:00:00,649236513.7463,528188534.9994
2026-01-03T00:00:00,331678532.3594,266985363.3798
2026-01-03T04:00:00,364567491.282,494006505.9336
2026-01-03T08:00:00,542381987.4725,460857222.0332
2026-01-03T12:00:00,533316880.9707,405829412.0225
2026-01-03T16:00:00,245626574.7449,235701529.9043
2026-01-03T20:00:00,527168228.4312,475825152.9896
2026-01-04T00:00:00,1192491902.516,973515767.421
2026-01-04T04:00:00,656385954.1118,643024611.5393
2026-01-04T08:00:00,492803306.7819,518848600.831
2026-01-04T12:00:00,476266890.9933,464210964.2846
2026-01-04T16:00:00,354919459.4253,387471511.8731
2026-01-04T20:00:00,247008923.6689,216789475.8575
2026-01-05T00:00:00,2776336113.1211,2336864349.716
2026-01-05T04:00:00,851484245.2013,1058766915.88
2026-01-05T08:00:00,962855624.5082,790757488.2546
2026-01-05T12:00:00,1567391416.4194,1571016446.5241
2026-01-05T16:00:00,1896333099.3462,1822268969.797
2026-01-05T20:00:00,1046825113.8632,940529870.8685
2026-01-06T00:00:00,701041894.7058,642965674.0905
2026-01-06T04:00:00,561760101.6503,537162162.8316
2026-01-06T08:00:00,615178354.7597,545462285.3713
2026-01-06T12:00:00,1677412307.1658,1593264792.1518
2026-01-06T16:00:00,3661966497.1302,3869121194.892
2026-01-06T20:00:00,1782300451.208,1700750320.734
2026-01-07T00:00:00,1190687593.4901,1243964459.4518
2026-01-07T04:00:00,414397971.1675,493953608.7491
2026-01-07T08:00:00,1417574429.4508,1666045183.0149
2026-01-07T12:00:00,1233443512.7981,1434191922.4904
2026-01-07T16:00:00,1286438699.0979,1428219121.098
2026-01-07T20:00:00,643648461.4557,526311360.8769
2026-01-08T00:00:00,723362169.5439,626927057.7648
2026-01-08T04:00:00,1036435513.5099,1345214142.7423
2026-01-08T08:00:00,1144388921.5039,1243649578.2483
2026-01-08T12:00:00,2055775880.1495,1885957215.3651
2026-01-08T16:00:00,1446122379.2827,1690556416.4762
2026-01-08T20:00:00,869106031.7716,848386711.5806
2026-01-09T00:00:00,672054040.3056,642846001.1141
2026-01-09T04:00:00,274665477.18,302467294.6068
2026-01-09T08:00:00,1405480957.6949,1640931985.9563
2026-01-09T12:00:00,1216097622.4121,1258622596.0579
2026-01-09T16:00:00,1416279864.2624,1436963596.2037
2026-01-09T20:00:00,586613174.136,440937266.6675
2026-01-10T00:00:00,212450685.1043,222197212.3102
2026-01-10T04:00:00,158034437.5153,184697110.7481
2026-01-10T08:00:00,256382403.8077,245384566.3649
2026-01-10T12:00:00,190450257.4471,242042638.0638
2026-01-10T16:00:00,183356987.8089,211507156.894
2026-01-10T20:00:00,177419117.0356,189125126.1858
2026-01-11T00:00:00,164611594.4061,134295977.3393
2026-01-11T04:00:00,154610260.722,186573102.7318
2026-01-11T08:00:00,205861545.3882,249702628.2777
2026-01-11T12:00:00,433476174.2991,371854547.9755
2026-01-11T16:00:00,395174114.1773,351877663.101
2026-01-11T20:00:00,391752710.953,448325857.8023
2026-01-12T00:00:00,1555281229.8817,1448996150.5502
2026-01-12T04:00:00,508653612.7478,581467996.7574
2026-01-12T08:00:00,1572263020.2784,1535666827.6874
2026-01-12T12:00:00,1159492700.4678,1207125208.4155
2026-01-12T16:00:00,2236451264.0292,2515908302.9715
2026-01-12T20:00:00,672899808.9294,669359890.3024
2026-01-13T00:00:00,604628157.1883,504595008.3629
2026-01-13T04:00:00,1064150250.15,1050816594.999
2026-01-13T08:00:00,1137122665.4583,1243715149.9314
2026-01-13T12:00:00,1741251233.8354,1881552751.5366
2026-01-13T16:00:00,1846914331.0523,1839910189.0748
2026-01-13T20:00:00,3406039956.3645,2529839724.8674
2026-01-14T00:00:00,890423000.0695,871887049.5386
2026-01-14T04:00:00,1021633952.6119,1206247344.5888
2026-01-14T08:00:00,664306747.9053,674580388.5598
2026-01-14T12:00:00,2363654149.0967,1944389753.9829
2026-01-14T16:00:00,2730442756.3533,2683928434.1555
2026-01-14T20:00:00,966013996.5806,1017884930.3023
2026-01-15T00:00:00,860712101.0714,842140477.6555
2026-01-15T04:00:00,830498070.6863,797646234.6509
2026-01-15T08:00:00,805917187.3352,764746936.4345
2026-01-15T12:00:00,1468434503.091,1553309404.3222
2026-01-15T16:00:00,1626608871.2052,1570998174.9783
2026-01-15T20:00:00,648398847.9718,580694215.2687
2026-01-16T00:00:00,460361431.7168,505144384.6354
2026-01-16T04:00:00,691723030.0394,716107863.0141
2026-01-16T08:00:00,368210621.2392,460347226.0736
2026-01-16T12:00:00,668025999.9904,723395420.9474
2026-01-16T16:00:00,954159065.2458,945876164.1542
2026-01-16T20:00:00,722043833.6376,661962477.8205
2026-01-17T00:00:00,243881826.2163,324220596.402
2026-01-17T04:00:00,162372416.221,183628866.6599
2026-01-17T08:00:00,166049741.3444,154416868.1643
2026-01-17T12:00:00,413369841.128,385780498.7723
2026-01-17T16:00:00,428824216.0144,436562516.6471
2026-01-17T20:00:00,209534797.5448,331792257.6187
2026-01-18T00:00:00,331671754.8709,381818218.2057
2026-01-18T04:00:00,256868851.7581,142813363.9691
2026-01-18T08:00:00,265977840.8898,221857920.2849
2026-01-18T12:00:00,587513075.7157,629478876.1679
2026-01-18T16:00:00,375466556.8824,346605393.6787
2026-01-18T20:00:00,167873499.3851,170715007.3026
2026-01-19T00:00:00,2855578729.6562,2859368520.222
2026-01-19T04:00:00,519698333.6765,557623766.0209
2026-01-19T08:00:00,775578935.8199,731981916.3873
2026-01-19T12:00:00,484611159.3959,527161757.2797
2026-01-19T16:00:00,458481782.3094,467481954.0929
2026-01-19T20:00:00,339393768.3825,415026743.1999
2026-01-20T00:00:00,632407531.0662,624809851.2084
2026-01-20T04:00:00,1727312204.1837,2256283885.9062
2026-01-20T08:00:00,837979298.1606,840309964.7149
2026-01-20T12:00:00,1526831712.6162,1643056997.5961
2026-01-20T16:00:00,1645290347.278,1797205813.5021
2026-01-20T20:00:00,1119483853.1884,1526619839.1445
2026-01-21T00:00:00,886594522.1223,782837438.6777
2026-01-21T04:00:00,760285796.9646,757423258.9601
2026-01-21T08:00:00,485689263.9554,547239301.069
2026-01-21T12:00:00,2219798640.5403,2297625294.7126
2026-01-21T16:00:00,4171802761.7111,4471457326.6964
2026-01-21T20:00:00,650042460.8578,643178118.7139
2026-01-22T00:00:00,674944343.2382,601130838.7428
2026-01-22T04:00:00,359673378.2708,331958749.351
2026-01-22T08:00:00,376880313.6778,385457153.4191
2026-01-22T12:00:00,1380116455.4456,1391393120.9391
2026-01-22T16:00:00,1044579724.2254,1113544814.1124
2026-01-22T20:00:00,569696270.5367,603664580.2111
2026-01-23T00:00:00,70340064.9341,94125965.2797
2026-01-23T04:00:00,595956893.5732,637565617.9687
2026-01-23T08:00:00,246076054.4525,287066548.6363
2026-01-23T12:00:00,907686834.3586,941541570.8937
2026-01-23T16:00:00,2211358704.6854,2170989344.0966
2026-01-23T20:00:00,681011205.3791,687012816.3728
2026-01-24T00:00:00,229406783.3058,181067504.7041
2026-01-24T04:00:00,225099944.6778,242144452.2062
2026-01-24T08:00:00,58376873.7695,46017085.5896
2026-01-24T12:00:00,395316526.4423,502001613.5449
2026-01-24T16:00:00,140069458.1203,163405732.9496
2026-01-24T20:00:00,160776585.0179,186232174.0388
2026-01-25T00:00:00,52707992.7829,47115376.0419
2026-01-25T04:00:00,341658118.4923,312309407.4691
2026-01-25T08:00:00,594433282.265,585277139.3896
2026-01-25T12:00:00,541845333.0963,562021170.3379
2026-01-25T16:00:00,1798071106.8119,2189219786.703
2026-01-25T20:00:00,1218200303.3735,1067862673.1179
2026-01-26T00:00:00,1262763318.0465,1359863145.836
2026-01-26T04:00:00,566768967.9005,638405993.5394
2026-01-26T08:00:00,654426271.1532,598723582.1586
2026-01-26T12:00:00,1015150830.8918,975543281.4214
2026-01-26T16:00:00,1338547326.5424,1279408973.6799
2026-01-26T20:00:00,521897029.0872,485628884.2429
2026-01-27T00:00:00,572552286.2443,548825620.9504
2026-01-27T04:00:00,366583957.0041,468352134.5945
2026-01-27T08:00:00,492157193.7413,516336212.8437
2026-01-27T12:00:00,782456526.3091,704563020.2001
2026-01-27T16:00:00,2023833280.1502,1906531957.3246
2026-01-27T20:00:00,1270689118.5548,1255973144.063
2026-01-28T00:00:00,383692106.1799,463018557.1302
2026-01-28T04:00:00,473023666.3575,556394624.0088
2026-01-28T08:00:00,717313434.6921,621827512.7304
2026-01-28T12:00:00,1475081971.4656,1526887486.7462
2026-01-28T16:00:00,1471209999.633,1476830668.4148
2026-01-28T20:00:00,791428104.4827,813849413.6943
2026-01-29T00:00:00,183700870.4716,174714807.9188
2026-01-29T04:00:00,446992999.689,398229960.9584
2026-01-29T08:00:00,731745548.4455,747889573.7871
2026-01-29T12:00:00,904781161.5815,1112477595.9241
2026-01-29T16:00:00,3419327638.848,4040182061.8063
2026-01-29T20:00:00,833259746.9373,803495135.3365
2026-01-30T00:00:00,3693222910.1105,4365300928.0764
2026-01-30T04:00:00,1823176339.0536,1662572864.8849
2026-01-30T08:00:00,278482470.224,316204539.4824
2026-01-30T12:00:00,1452656846.4859,1456537112.9127
2026-01-30T16:00:00,2091048744.6012,2092490567.1638
2026-01-30T20:00:00,1495154107.2222,1292645572.3276
2026-01-31T00:00:00,129921412.063,198944163.3476
2026-01-31T04:00:00,296702073.3986,347791648.4398
2026-01-31T08:00:00,1125162559.2085,1264934548.7384
2026-01-31T12:00:00,196702315.4686,204134280.3856
2026-01-31T16:00:00,6112814028.3793,7796449513.8087
2026-01-31T20:00:00,577790186.5648,547037422.2957
2026-02-01T00:00:00,1062322769.1378,1023106275.6007
2026-02-01T04:00:00,940638702.2778,1078729362.7766
2026-02-01T08:00:00,278633870.4269,210524556.5477
2026-02-01T12:00:00,2129314291.9262,2330409266.9511
2026-02-01T16:00:00,550200101.9354,560645458.6289
2026-02-01T20:00:00,2518471002.1195,2934117629.604
2026-02-02T00:00:00,594076720.7283,597928740.8312
2026-02-02T04:00:00,2801339635.8442,2773927229.8143
2026-02-02T08:00:00,380478764.3301,348502343.9043
2026-02-02T12:00:00,3017507916.1446,2960651853.824
2026-02-02T16:00:00,534430408.0936,565420908.5511
2026-02-02T20:00:00,886062115.6043,812603525.9607
2026-02-03T00:00:00,243268282.86,269454253.6319
2026-02-03T04:00:00,1023236053.5229,1040326334.1502
2026-02-03T08:00:00,261943159.4035,245156282.7959
2026-02-03T12:00:00,2544624342.4841,2714266234.2659
2026-02-03T16:00:00,1131488510.5662,1211299867.2109
2026-02-03T20:00:00,2217092363.1142,2045874498.4168
2026-02-04T00:00:00,1284609320.5989,1328539651.4117
2026-02-04T04:00:00,697091794.7919,689321898.0957
2026-02-04T08:00:00,300436289.654,278798770.694
2026-02-04T12:00:00,2029173416.495,2187128099.3832
2026-02-04T16:00:00,4462464915.3003,4400894103.7907
2026-02-04T20:00:00,1425457580.3881,1629107368.8349
2026-02-05T00:00:00,2604782363.8793,3050217077.1183
2026-02-05T04:00:00,2977346902.2679,3389104122.9002
2026-02-05T08:00:00,1378464090.7987,1490797585.2495
2026-02-05T12:00:00,3410999955.4178,3432851481.2235
2026-02-05T16:00:00,5607347903.654,6035159306.3272
2026-02-05T20:00:00,5906666515.4551,6165620512.3212
2026-02-06T00:00:00,6329275090.7527,6634093477.8477
2026-02-06T04:00:00,2141558635.3309,2135574190.113
2026-02-06T08:00:00,1553582472.1337,1734223384.0881
2026-02-06T12:00:00,3196529205.0568,3008974320.481
2026-02-06T16:00:00,4457533411.4432,4094565917.8261
2026-02-06T20:00:00,1569267103.084,1339721476.1012
2026-02-07T00:00:00,1097583946.3204,1110053995.4016
2026-02-07T04:00:00,1606142923.8347,2259473386.9146
2026-02-07T08:00:00,1557422023.402,1367511888.241
2026-02-07T12:00:00,2068885195.7058,1936384390.6652
2026-02-07T16:00:00,1424549684.5759,1443213005.9738
2026-02-07T20:00:00,299734146.7214,286972639.7034
2026-02-08T00:00:00,508772706.1157,495289413.9995
2026-02-08T04:00:00,362199182.6131,331362773.0943
2026-02-08T08:00:00,1586919245.6971,1430888957.7084
2026-02-08T12:00:00,989153167.0558,927372625.3496
2026-02-08T16:00:00,934530033.8752,947187430.6632
2026-02-08T20:00:00,470568004.7427,493060638.1734
2026-02-09T00:00:00,1075595083.2227,946293751.9647
2026-02-09T04:00:00,687451924.0062,615257947.5432
2026-02-09T08:00:00,1616217530.0875,2016590501.1209
2026-02-09T12:00:00,1767587697.1911,1694738478.4423
2026-02-09T16:00:00,1918098554.0627,1717243900.0685
2026-02-09T20:00:00,852392665.9305,937186492.1874
2026-02-10T00:00:00,614523879.9429,606875936.547
2026-02-10T04:00:00,833205939.2788,987860758.6647
2026-02-10T08:00:00,722888599.6922,641846511.0707
2026-02-10T12:00:00,1846275920.3947,1799213605.1428
2026-02-10T16:00:00,1273089963.0332,1297586273.0172
2026-02-10T20:00:00,522448979.1788,522102707.5938
2026-02-11T00:00:00,461007938.045,501949818.2206
2026-02-11T04:00:00,1375447571.1326,1657198066.576
2026-02-11T08:00:00,753014189.0985,835035727.3743
2026-02-11T12:00:00,2925798356.1068,2687050734.864
2026-02-11T16:00:00,1587581746.5953,1574960437.419
2026-02-11T20:00:00,882476926.3648,813928118.3543
2026-02-12T00:00:00,689384362.5123,708054886.9993
2026-02-12T04:00:00,614732529.1556,667041713.8576
2026-02-12T08:00:00,684544298.3048,607665621.6394
2026-02-12T12:00:00,1133116856.0741,1190825363.6251
2026-02-12T16:00:00,2425496946.7034,2734673352.8409
2026-02-12T20:00:00,714957859.1657,680188661.9207
2026-02-13T00:00:00,604546411.3683,604167594.6274
2026-02-13T04:00:00,407940406.8919,458354898.9803
2026-02-13T08:00:00,744089610.4996,725102376.528
2026-02-13T12:00:00,3405355192.7984,3054912836.4579
2026-02-13T16:00:00,1679745429.2163,1754989803.5381
2026-02-13T20:00:00,725896759.2944,717801269.1869
2026-02-14T00:00:00,365082224.2832,345034810.5502
2026-02-14T04:00:00,203701644.311,223502651.8913
2026-02-14T08:00:00,697113317.3945,593078551.0269
2026-02-14T12:00:00,1135419592.361,1622739104.3692
2026-02-14T16:00:00,611519684.6545,555568658.9371
2026-02-14T20:00:00,590480123.4859,487015090.6531
2026-02-15T00:00:00,459641991.1641,505809359.414
2026-02-15T04:00:00,861137778.5064,744469335.8464
2026-02-15T08:00:00,628368854.6482,707717461.8945
2026-02-15T12:00:00,1481373800.7584,1656768365.7678
2026-02-15T16:00:00,859289596.475,1016453532.1961
2026-02-15T20:00:00,481665474.6945,374633817.4557
2026-02-16T00:00:00,409364752.6615,477466081.9082
2026-02-16T04:00:00,380539974.02,358845721.1561
2026-02-16T08:00:00,699208888.316,655566365.9265
2026-02-16T12:00:00,2093023894.8105,2105272773.7137
2026-02-16T16:00:00,852538135.3059,824771302.4658
2026-02-16T20:00:00,796509060.1007,697734636.2129
2026-02-17T00:00:00,694371575.2634,788890743.4478
2026-02-17T04:00:00,648432082.9168,682733100.5153
2026-02-17T08:00:00,641598479.1485,695424352.6725
2026-02-17T12:00:00,2153334801.1393,2268668248.5078
2026-02-17T16:00:00,1731337515.6177,1817376525.5647
2026-02-17T20:00:00,435570581.6216,471834018.3615
2026-02-18T00:00:00,583714690.0852,592183172.2719
2026-02-18T04:00:00,688350881.5813,565363396.1234
2026-02-18T08:00:00,1117603384.2399,1159577314.7749
2026-02-18T12:00:00,1881699832.0595,1882569593.397
2026-02-18T16:00:00,1926682093.156,2151265626.791
2026-02-18T20:00:00,629303957.982,628392777.9159
2026-02-19T00:00:00,444300990.6062,382978051.3305
2026-02-19T04:00:00,558416062.786,529943209.9051
2026-02-19T08:00:00,644817996.2003,808243850.3373
2026-02-19T12:00:00,1557744102.9963,1772311573.4793
2026-02-19T16:00:00,1733887473.9144,1579146910.5544
2026-02-19T20:00:00,540563809.2251,517768143.8281
2026-02-20T00:00:00,706079059.1278,641568652.4535
2026-02-20T04:00:00,983186509.2135,960699401.6603
2026-02-20T08:00:00,1123375527.3245,1298815835.0622
2026-02-20T12:00:00,2065527379.9562,2162709912.7185
2026-02-20T16:00:00,2266428434.9537,2029990788.8694
2026-02-20T20:00:00,510367102.7781,406522002.9564
2026-02-21T00:00:00,516957782.4767,636044966.2766
2026-02-21T04:00:00,231086113.4167,248400141.0147
2026-02-21T08:00:00,718281006.5855,630865384.6672
2026-02-21T12:00:00,1025627061.6593,787856643.1737
2026-02-21T16:00:00,736398699.9662,702944008.6565
2026-02-21T20:00:00,489248397.9561,531332833.2749
2026-02-22T00:00:00,525439081.2632,558604986.3078
2026-02-22T04:00:00,278779692.273,293004819.7205
2026-02-22T08:00:00,371123670.2686,345871296.5239
2026-02-22T12:00:00,1250938049.6796,1271427259.8376
2026-02-22T16:00:00,527186213.7779,526464127.6674
2026-02-22T20:00:00,283873609.2719,231572572.8658
2026-02-23T00:00:00,3342831237.3229,3831597730.1112
2026-02-23T04:00:00,1299871067.8488,1264783086.3946
2026-02-23T08:00:00,1081802158.0456,1076395706.9209
2026-02-23T12:00:00,1900824422.3175,1838137423.9184
2026-02-23T16:00:00,2318430334.7507,2368045372.0137
2026-02-23T20:00:00,1014192345.1987,987302784.2216
2026-02-24T00:00:00,1654743510.5675,1951227543.425
2026-02-24T04:00:00,1594293412.842,1835109142.8293
2026-02-24T08:00:00,229675690.4051,206945165.6476
2026-02-24T12:00:00,2270576844.814,2246934987.2668
2026-02-24T16:00:00,748192420.895,671655698.3083
2026-02-24T20:00:00,679802900.3409,726753691.6567
2026-02-25T00:00:00,147469836.114,134210625.6237
2026-02-25T04:00:00,1121979290.3229,1091555414.2022
2026-02-25T08:00:00,825003103.1428,777777707.9514
2026-02-25T12:00:00,3214435545.1304,2615319794.0737
2026-02-25T16:00:00,3519835649.9195,3146729749.8053
2026-02-25T20:00:00,2194894637.6727,2216720306.6646
2026-02-26T00:00:00,1051241737.1496,1049250709.6024
2026-02-26T04:00:00,812968835.3363,877620592.7988
2026-02-26T08:00:00,1000500144.0092,948968544.5448
2026-02-26T12:00:00,2093550985.4501,2393011021.3281
2026-02-26T16:00:00,2127486815.8534,2036200765.2989
2026-02-26T20:00:00,530943017.5059,591924293.3156
2026-02-27T00:00:00,925518719.2176,1019478926.3986
2026-02-27T04:00:00,963143918.0813,1061786231.6037
2026-02-27T08:00:00,1993980744.5995,2285334579.0389
2026-02-27T12:00:00,2319697086.7948,2199829229.7943
2026-02-27T16:00:00,1585390250.5861,1655747891.0244
2026-02-27T20:00:00,786946746.9376,765274385.2379
2026-02-28T00:00:00,410780357.46,490233668.3641
2026-02-28T04:00:00,2765637404.2219,3418507939.6694
2026-02-28T08:00:00,1440959786.6877,1450537572.74
2026-02-28T12:00:00,2379532967.2216,2082589315.5791
2026-02-28T16:00:00,1729832871.8609,1490180310.919
2026-02-28T20:00:00,1761394204.2334,1624081462.9109
2026-03-01T00:00:00,2423444080.1106,2336074862.2294
2026-03-01T04:00:00,937054155.1741,1071372364.7635
2026-03-01T08:00:00,1017719341.2134,1049688027.0591
2026-03-01T12:00:00,1348678998.6021,1287362520.4716
2026-03-01T16:00:00,1476840694.1143,1726830904.2828
2026-03-01T20:00:00,2065884630.8661,1872276916.3105
2026-03-02T00:00:00,1327110251.7157,1290110664.9705
2026-03-02T04:00:00,975513566.1545,1085242163.1168
2026-03-02T08:00:00,1137747515.6035,1074467476.5249
2026-03-02T12:00:00,4623172207.6021,4245363209.3694
2026-03-02T16:00:00,3218754254.7338,3075565225.0099
2026-03-02T20:00:00,1252718080.3857,1171514580.9771
2026-03-03T00:00:00,1039987807.5471,1026914803.3571
2026-03-03T04:00:00,1148714513.5739,1104795492.8112
2026-03-03T08:00:00,2384001524.547,2445020236.5081
2026-03-03T12:00:00,2876452022.5845,2920970846.5949
2026-03-03T16:00:00,2809824022.7393,2649006668.0857
2026-03-03T20:00:00,902063065.1936,918353799.8402
2026-03-04T00:00:00,1415490031.7519,1493922762.6252
2026-03-04T04:00:00,1895302562.22,1440706912.9829
2026-03-04T08:00:00,4475424387.3502,3861935996.5699
2026-03-04T12:00:00,4613121618.7901,3796117317.3145
2026-03-04T16:00:00,3301005254.1306,2980450268.9946
2026-03-04T20:00:00,1371391479.7253,1362271439.0139
2026-03-05T00:00:00,1140688217.4295,1108035004.36
2026-03-05T04:00:00,1413311663.5774,1596295518.2178
2026-03-05T08:00:00,1844222823.5738,1729981841.1223
2026-03-05T12:00:00,2864345359.7205,2844021200.85
2026-03-05T16:00:00,2288559141.2114,2408101873.497
2026-03-05T20:00:00,823358184.0058,823375152.4655
2026-03-06T00:00:00,1028797996.9944,1054661255.8183
2026-03-06T04:00:00,1325211002.6982,1372493675.1015
2026-03-06T08:00:00,998504032.3075,1138636482.5273
2026-03-06T12:00:00,3523119663.1109,3989141554.5359
2026-03-06T16:00:00,1473282231.4764,1572123990.3886
2026-03-06T20:00:00,679738556.9047,662208995.8445
2026-03-07T00:00:00,577839449.7154,564666414.4925
2026-03-07T04:00:00,827180235.5313,963760981.3106
2026-03-07T08:00:00,609425641.92,575537460.2555
2026-03-07T12:00:00,553765509.8468,600115235.197
2026-03-07T16:00:00,729483662.0531,943951148.0758
2026-03-07T20:00:00,590193851.8307,516487499.9467
2026-03-08T00:00:00,694515321.0695,703952977.4801
2026-03-08T04:00:00,817160454.9248,746651897.7591
2026-03-08T08:00:00,1267028361.7814,1071000815.8258
2026-03-08T12:00:00,1105416176.6441,1205331839.8201
2026-03-08T16:00:00,804221114.4132,807640943.2307
2026-03-08T20:00:00,1769723668.0577,2192212010.2961
2026-03-09T00:00:00,1852770482.9498,1725787635.7905
2026-03-09T04:00:00,1769408859.5874,1812540514.0645
2026-03-09T08:00:00,1250627245.9783,1189318786.3291
2026-03-09T12:00:00,3003642330.9739,2935645129.5988
2026-03-09T16:00:00,1891379257.1894,1713433837.8019
2026-03-09T20:00:00,715714081.6061,725721517.8042
2026-03-10T00:00:00,2347766812.52,2171561910.432
2026-03-10T04:00:00,1367444628.1603,1174597133.9781
2026-03-10T08:00:00,1775301121.0332,1632680736.4597
2026-03-10T12:00:00,3721083262.0128,3665415892.4211
2026-03-10T16:00:00,2055209394.1945,2103602049.6954
2026-03-10T20:00:00,1041924186.599,1042155840.56
2026-03-11T00:00:00,278466527.4589,296364363.7037
2026-03-11T04:00:00,1062300700.0581,975528850.2326
2026-03-11T08:00:00,222377346.5721,202678822.3929
2026-03-11T12:00:00,3786750378.0556,3580165029.9748
2026-03-11T16:00:00,480731235.468,439465059.0138
2026-03-11T20:00:00,732098286.4883,681046387.5355
2026-03-12T00:00:00,1164310000.4565,1097064577.4675
2026-03-12T04:00:00,849789922.7712,735855766.7639
2026-03-12T08:00:00,387939168.2544,342305475.8047
2026-03-12T12:00:00,2644563029.3038,2888364422.7999
2026-03-12T16:00:00,606880331.3997,652732895.6356
2026-03-12T20:00:00,769424596.0509,740123094.6902
2026-03-13T00:00:00,1396178793.3066,1125773831.8815
2026-03-13T04:00:00,1138359596.3484,1001944420.8841
2026-03-13T08:00:00,725776166.6954,586168114.8626
2026-03-13T12:00:00,4914275608.6588,4408733555.4695
2026-03-13T16:00:00,1458851799.1588,1279102706.0322
2026-03-13T20:00:00,909545675.5775,982831786.4099
2026-03-14T00:00:00,240732664.3131,257735968.9809
2026-03-14T04:00:00,852407591.7069,995611129.7402
2026-03-14T08:00:00,530868221.1201,541539620.9288
2026-03-14T12:00:00,136562601.766,143165021.1548
2026-03-14T16:00:00,260553354.4741,257347015.0271
2026-03-14T20:00:00,79339031.4451,70881544.4637
2026-03-15T00:00:00,781583401.575,771317578.6626
2026-03-15T04:00:00,223852000.4904,178089334.9584
2026-03-15T08:00:00,707737546.0345,589128777.7188
2026-03-15T12:00:00,106991662.5363,142833621.3135
2026-03-15T16:00:00,848248035.2277,705723473.8842
2026-03-15T20:00:00,176225558.4129,163285742.2354
2026-03-16T00:00:00,2626833935.4284,2176977102.4341
2026-03-16T04:00:00,1219458185.0159,982589372.0843
2026-03-16T08:00:00,1488336915.377,1372335865.2337
2026-03-16T12:00:00,569762055.8004,423578919.7711
2026-03-16T16:00:00,1648439475.2896,1405094212.5865
2026-03-16T20:00:00,180781855.3888,136003820.4015
2026-03-17T00:00:00,2919088781.5047,2741673776.4204
2026-03-17T04:00:00,1583533841.9324,1686285507.9984
2026-03-17T08:00:00,203106252.879,233062777.0438
2026-03-17T12:00:00,2535073951.0106,2352526193.9018
2026-03-17T16:00:00,1350557264.6978,1238113626.0239
2026-03-17T20:00:00,140290857.4114,147980230.0951
2026-03-18T00:00:00,917560959.6775,869898077.5063
2026-03-18T04:00:00,731958094.8813,861691227.4456
2026-03-18T08:00:00,200878592.3026,187950471.8626
2026-03-18T12:00:00,4211551696.1932,4547701795.0537
2026-03-18T16:00:00,487901564.8996,459040239.3872
2026-03-18T20:00:00,1063128042.9998,1180979060.0294
2026-03-19T00:00:00,184035787.2606,195494728.9236
2026-03-19T04:00:00,1766013157.1961,2426319899.4916
2026-03-19T08:00:00,363934184.0163,574932198.0639
2026-03-19T12:00:00,3165962483.9572,3291783492.885
2026-03-19T16:00:00,400808524.613,462631710.5347
2026-03-19T20:00:00,776528049.0339,837099046.5906
2026-03-20T00:00:00,229362635.893,165489949.2773
2026-03-20T04:00:00,1045708309.805,988415750.0848
2026-03-20T08:00:00,563106195.6777,532407496.7317
2026-03-20T12:00:00,2801764001.8282,2707935468.7165
2026-03-20T16:00:00,335273183.1901,317778948.5407
2026-03-20T20:00:00,1010770809.9558,945347306.1193
2026-03-21T00:00:00,142043564.365,136224193.574
2026-03-21T04:00:00,395099489.6639,406721977.1612
2026-03-21T08:00:00,137257727.4989,208969444.6309
2026-03-21T12:00:00,673973217.6975,639305740.0751
2026-03-21T16:00:00,482129056.8392,461720527.3888
2026-03-21T20:00:00,74790930.8618,56721091.055
2026-03-22T00:00:00,1665719374.9035,1565429847.9527
2026-03-22T04:00:00,466704546.4383,531796549.2645
2026-03-22T08:00:00,593057986.5654,668515918.7888
2026-03-22T12:00:00,1001233346.4638,914400188.3044
2026-03-22T16:00:00,248086103.3871,298553268.9208
2026-03-22T20:00:00,1222204131.226,1268590120.4059
2026-03-23T00:00:00,814319528.9288,745030338.6698
2026-03-23T04:00:00,1255197219.3472,1250126519.7669
2026-03-23T08:00:00,680510404.2814,734138160.6427
2026-03-23T12:00:00,3239411122.1429,2960003821.9416
2026-03-23T16:00:00,1220466838.1786,1031637276.1339
2026-03-23T20:00:00,417808315.3338,372952111.7509
2026-03-24T00:00:00,716987214.0459,718329321.4139
2026-03-24T04:00:00,689023130.3709,731729205.5207
2026-03-24T08:00:00,745426433.236,757876616.717
2026-03-24T12:00:00,2174004723.0932,2407652850.2819
2026-03-24T16:00:00,1590252140.3627,1696255633.4656
2026-03-24T20:00:00,1184655194.4993,1107617260.1741
2026-03-25T00:00:00,825790434.6117,778247501.3504
2026-03-25T04:00:00,755722641.7264,780096852.7879
2026-03-25T08:00:00,1548021099.8024,1312786316.2652
2026-03-25T12:00:00,1665098992.2378,1700692467.0154
2026-03-25T16:00:00,1461706170.1933,1312939787.6925
2026-03-25T20:00:00,575577739.9516,509676931.3131
2026-03-26T00:00:00,670669137.2159,760488403.9042
2026-03-26T04:00:00,1017065551.7942,1201521652.9094
2026-03-26T08:00:00,1293907189.293,1566910639.3169
2026-03-26T12:00:00,2183247194.7008,2200264949.7105
2026-03-26T16:00:00,1361988590.6951,1516362188.309
2026-03-26T20:00:00,1182522782.2472,1157071593.7267
2026-03-27T00:00:00,680807562.3999,721489452.5661
2026-03-27T04:00:00,660792103.4132,702140913.7116
2026-03-27T08:00:00,2103086999.615,2843515976.9715
2026-03-27T12:00:00,1857669325.6288,2072872946.9575
2026-03-27T16:00:00,1282598060.7113,1366697587.0365
2026-03-27T20:00:00,423956417.43,438878061.3485
2026-03-28T00:00:00,480232662.3447,578665341.1325
2026-03-28T04:00:00,347198248.2842,340073234.3262
2026-03-28T08:00:00,333950304.0561,415324509.3468
2026-03-28T12:00:00,1085411437.9294,931554036.2546
2026-03-28T16:00:00,453122552.8222,420431240.3402
2026-03-28T20:00:00,508515131.5208,555783345.0733
2026-03-29T00:00:00,483024069.8452,413478221.0468
2026-03-29T04:00:00,386732992.5692,512519860.415
2026-03-29T08:00:00,320346508.0622,369220608.1999
2026-03-29T12:00:00,666029996.5164,738182292.0374
2026-03-29T16:00:00,405995976.7527,455080419.2114
2026-03-29T20:00:00,1742144959.4309,2044764837.5051
2026-03-30T00:00:00,1886425785.601,1623642899.8212
2026-03-30T04:00:00,1204850632.7527,1185794864.2337
2026-03-30T08:00:00,892199472.2265,879762436.3129
2026-03-30T12:00:00,1867212074.1394,1963609925.5419
2026-03-30T16:00:00,1139823658.543,1238320716.8016
2026-03-30T20:00:00,559749273.4137,495027257.769
2026-03-31T00:00:00,1621317009.6787,1439134243.5919
2026-03-31T04:00:00,765119055.8531,792788381.6072
2026-03-31T08:00:00,1511877839.0448,1748073532.4161
2026-03-31T12:00:00,1916368134.5597,1949905324.3101
2026-03-31T16:00:00,2900978642.1725,2402589267.1138
2026-03-31T20:00:00,617810863.9906,607041962.327
2026-04-01T00:00:00,752473611.8835,845725922.4556
2026-04-01T04:00:00,1531650988.3626,1314573916.5115
2026-04-01T08:00:00,737023254.5712,761023203.7906
2026-04-01T12:00:00,1409154337.5354,1411656967.6137
2026-04-01T16:00:00,1078510505.1063,1066543073.4372
2026-04-01T20:00:00,425097395.3587,429898213.062
2026-04-02T00:00:00,1877662975.5995,2130717157.436
2026-04-02T04:00:00,895039856.0001,969075159.7169
2026-04-02T08:00:00,799137196.3129,954995155.4397
2026-04-02T12:00:00,1970116815.6275,2249673434.2159
2026-04-02T16:00:00,1343124774.1727,1284740412.4618
2026-04-02T20:00:00,370172837.5653,361090319.8687
2026-04-03T00:00:00,731395999.0436,876290294.1545
2026-04-03T04:00:00,420366952.4633,374503300.7666
2026-04-03T08:00:00,440810669.8659,529506851.3009
2026-04-03T12:00:00,876661872.0576,915253664.9211
2026-04-03T16:00:00,303470542.5058,278249554.0733
2026-04-03T20:00:00,198130731.2291,139224566.3194
2026-04-04T00:00:00,164716878.3363,187219805.0508
2026-04-04T04:00:00,280504501.2117,247025969.4931
2026-04-04T08:00:00,69376760.6329,82434296.966
