timestamp,open,high,low,close
2025-10-06T12:00:00,0.008933,0.009705,0.004654,0.004664
2025-10-06T16:00:00,0.004664,0.006709,5.1e-05,0.006707
2025-10-06T20:00:00,0.005936,0.006146,0.00512,0.005592
2025-10-07T00:00:00,0.005485,0.005901,0.004178,0.004215
2025-10-07T04:00:00,0.004215,0.005203,0.003321,0.005203
2025-10-07T08:00:00,0.005203,0.007755,0.005203,0.005539
2025-10-07T12:00:00,0.005014,0.010148,0.004468,0.010148
2025-10-07T16:00:00,0.010148,0.010148,0.006962,0.007387
2025-10-07T20:00:00,0.00717,0.007911,0.00717,0.007667
2025-10-08T00:00:00,0.007667,0.007739,0.005511,0.007739
2025-10-08T04:00:00,0.007739,0.008655,0.007739,0.008655
2025-10-08T08:00:00,0.008781,0.009583,0.007251,0.008086
2025-10-08T12:00:00,0.008086,0.008553,0.007016,0.007357
2025-10-08T16:00:00,0.007357,0.007357,0.002635,0.006655
2025-10-08T20:00:00,0.006048,0.006048,0.003357,0.003357
2025-10-09T00:00:00,0.003357,0.005409,0.001125,0.005409
2025-10-09T04:00:00,0.005409,0.006941,0.005322,0.006812
2025-10-09T08:00:00,0.006394,0.006394,0.003117,0.005104
2025-10-09T12:00:00,0.00497,0.006163,0.004225,0.004269
2025-10-09T16:00:00,0.004269,0.004871,0.0009,0.004029
2025-10-09T20:00:00,0.004276,0.005985,0.004161,0.005967
2025-10-10T00:00:00,0.005967,0.005967,0.002891,0.005085
2025-10-10T04:00:00,0.003821,0.006329,0.003574,0.005559
2025-10-10T08:00:00,0.005572,0.007782,0.004153,0.004436
2025-10-10T12:00:00,0.005221,0.005678,0.003133,0.004556
2025-10-10T16:00:00,0.004556,0.007519,0.001828,0.007213
2025-10-10T20:00:00,0.005439,0.005587,-0.0174,-0.010923
2025-10-11T00:00:00,-0.005649,0.010804,-0.005649,0.010804
2025-10-11T04:00:00,0.01192,0.012801,0.010611,0.010611
2025-10-11T08:00:00,0.009787,0.009787,0.002875,0.00435
2025-10-11T12:00:00,0.00435,0.005234,0.003948,0.005219
2025-10-11T16:00:00,0.005219,0.007279,0.004485,0.006592
2025-10-11T20:00:00,0.005968,0.005981,0.004576,0.004576
2025-10-12T00:00:00,0.004576,0.004576,0.001809,0.004523
2025-10-12T04:00:00,0.004523,0.006056,0.00424,0.004543
2025-10-12T08:00:00,0.003475,0.003475,-0.001513,1e-05
2025-10-12T12:00:00,1e-05,0.000786,-0.000675,0.000786
2025-10-12T16:00:00,0.000786,0.001364,-0.001205,-0.000737
2025-10-12T20:00:00,-0.000131,0.003317,-0.000203,0.003307
2025-10-13T00:00:00,0.003307,0.003307,-0.002574,0.00212
2025-10-13T04:00:00,0.00212,0.005509,0.00212,0.005509
2025-10-13T08:00:00,0.005441,0.005441,-0.001049,0.004019
2025-10-13T12:00:00,0.004019,0.005389,0.003151,0.003151
2025-10-13T16:00:00,0.003151,0.004468,-0.001717,0.00342
2025-10-13T20:00:00,0.004388,0.004388,0.001474,0.001717
2025-10-14T00:00:00,0.001717,0.002372,0.00048,0.001378
2025-10-14T04:00:00,0.000295,0.003251,0.000295,0.003251
2025-10-14T08:00:00,0.004127,0.005132,0.003141,0.003785
2025-10-14T12:00:00,0.003361,0.003361,0.000968,0.002345
2025-10-14T16:00:00,0.002345,0.002666,-0.00101,0.001687
2025-10-14T20:00:00,0.001206,0.003609,0.000983,0.003608
2025-10-15T00:00:00,0.003999,0.004343,0.00053,0.004343
2025-10-15T04:00:00,0.004343,0.006845,0.004158,0.006462
2025-10-15T08:00:00,0.006634,0.00697,0.00121,0.005711
2025-10-15T12:00:00,0.005711,0.005853,0.005035,0.005661
2025-10-15T16:00:00,0.005661,0.00709,0.003026,0.00364
2025-10-15T20:00:00,0.002548,0.003082,0.001597,0.003082
2025-10-16T00:00:00,0.003082,0.006397,0.003082,0.006383
2025-10-16T04:00:00,0.006635,0.006654,0.00342,0.00342
2025-10-16T08:00:00,0.002394,0.004691,0.001181,0.004545
2025-10-16T12:00:00,0.005459,0.005905,0.001949,0.001949
2025-10-16T16:00:00,0.001949,0.004613,-0.002098,0.004609
2025-10-16T20:00:00,0.004609,0.005921,0.001254,0.005382
2025-10-17T00:00:00,0.005382,0.007162,0.003326,0.003537
2025-10-17T04:00:00,0.002836,0.002898,-0.00112,0.002524
2025-10-17T08:00:00,0.003818,0.006653,-6.5e-05,0.006653
2025-10-17T12:00:00,0.005668,0.005697,0.000949,0.002761
2025-10-17T16:00:00,0.002761,0.003818,-0.00161,0.003112
2025-10-17T20:00:00,0.002938,0.003663,-0.000373,-0.000367
2025-10-18T00:00:00,-0.000367,5.8e-05,-0.004221,-4.9e-05
2025-10-18T04:00:00,-4.9e-05,0.001854,-0.0034,0.001841
2025-10-18T08:00:00,0.001719,0.005589,0.000514,0.003685
2025-10-18T12:00:00,0.003685,0.003685,0.001764,0.002714
2025-10-18T16:00:00,0.002714,0.004176,-0.000388,0.000366
2025-10-18T20:00:00,0.003645,0.003737,0.001156,0.001156
2025-10-19T00:00:00,0.001156,0.002479,-0.000917,0.002475
2025-10-19T04:00:00,0.002475,0.003102,-7.2e-05,0.003102
2025-10-19T08:00:00,0.003375,0.006745,0.000878,0.003002
2025-10-19T12:00:00,0.003002,0.005843,0.002553,0.005128
2025-10-19T16:00:00,0.005128,0.005128,-0.003585,0.000555
2025-10-19T20:00:00,-0.00099,0.000358,-0.001658,0.000281
2025-10-20T00:00:00,0.000281,0.006243,-0.000174,0.006243
2025-10-20T04:00:00,0.006243,0.006636,0.002098,0.00432
2025-10-20T08:00:00,0.00421,0.006763,0.002698,0.006763
2025-10-20T12:00:00,0.007132,0.008208,0.006273,0.006273
2025-10-20T16:00:00,0.006273,0.006678,-0.005985,0.006376
2025-10-20T20:00:00,0.005453,0.005453,0.003634,0.003642
2025-10-21T00:00:00,0.002996,0.003289,-0.001622,0.002412
2025-10-21T04:00:00,0.002412,0.005613,0.001638,0.005613
2025-10-21T08:00:00,0.006067,0.007242,-0.002886,0.007157
2025-10-21T12:00:00,0.00672,0.00672,0.005098,0.005495
2025-10-21T16:00:00,0.005495,0.006442,-0.001295,0.006402
2025-10-21T20:00:00,0.006101,0.006457,0.002957,0.003316
2025-10-22T00:00:00,0.003316,0.005089,0.002782,0.002782
2025-10-22T04:00:00,0.003111,0.003718,0.002758,0.003718
2025-10-22T08:00:00,0.005695,0.006354,0.004509,0.005166
2025-10-22T12:00:00,0.005166,0.006695,0.004014,0.006695
2025-10-22T16:00:00,0.006695,0.009048,0.005326,0.009048
2025-10-22T20:00:00,0.009265,0.009512,0.008355,0.008552
2025-10-23T00:00:00,0.008552,0.008552,0.006426,0.007087
2025-10-23T04:00:00,0.007087,0.007087,0.00604,0.00645
2025-10-23T08:00:00,0.006876,0.00818,0.006116,0.007629
2025-10-23T12:00:00,0.007825,0.00875,0.005435,0.005435
2025-10-23T16:00:00,0.005435,0.005435,0.001918,0.002503
2025-10-23T20:00:00,0.002497,0.002838,0.00216,0.002715
2025-10-24T00:00:00,0.002715,0.002715,0.001312,0.002079
2025-10-24T04:00:00,0.002676,0.004105,0.002591,0.004105
2025-10-24T08:00:00,0.004105,0.00823,0.003432,0.007048
2025-10-24T12:00:00,0.007014,0.007218,0.005483,0.00633
2025-10-24T16:00:00,0.00633,0.006731,0.003536,0.004279
2025-10-24T20:00:00,0.004559,0.004646,0.003361,0.003366
2025-10-25T00:00:00,0.003366,0.003955,0.001005,0.002902
2025-10-25T04:00:00,0.002902,0.003265,0.002338,0.003265
2025-10-25T08:00:00,0.00393,0.006582,0.003928,0.006537
2025-10-25T12:00:00,0.006537,0.006702,0.005433,0.005433
2025-10-25T16:00:00,0.005433,0.005433,-0.002221,0.002953
2025-10-25T20:00:00,0.002855,0.004158,0.002649,0.00414
2025-10-26T00:00:00,0.004108,0.004108,0.001458,0.002065
2025-10-26T04:00:00,0.002065,0.003021,0.001949,0.00267
2025-10-26T08:00:00,0.002956,0.006564,0.00188,0.006564
2025-10-26T12:00:00,0.006564,0.0079,0.006564,0.007459
2025-10-26T16:00:00,0.007459,0.00834,0.005023,0.008306
2025-10-26T20:00:00,0.008291,0.009411,0.007309,0.009354
2025-10-27T00:00:00,0.009354,0.009471,0.006792,0.007681
2025-10-27T04:00:00,0.007681,0.009178,0.007681,0.00854
2025-10-27T08:00:00,0.006864,0.007117,0.002922,0.006836
2025-10-27T12:00:00,0.006822,0.006822,0.006002,0.006002
2025-10-27T16:00:00,0.006002,0.006829,0.003484,0.003493
2025-10-27T20:00:00,0.002976,0.006267,0.002965,0.006267
2025-10-28T00:00:00,0.006267,0.008398,0.005867,0.007029
2025-10-28T04:00:00,0.007029,0.007469,0.00672,0.007469
2025-10-28T08:00:00,0.008102,0.008846,0.00304,0.005352
2025-10-28T12:00:00,0.005352,0.005565,0.004499,0.004606
2025-10-28T16:00:00,0.004606,0.006212,0.003554,0.005993
2025-10-28T20:00:00,0.006194,0.006444,0.003961,0.004182
2025-10-29T00:00:00,0.004182,0.005126,0.002804,0.003335
2025-10-29T04:00:00,0.003335,0.003715,0.003137,0.003715
2025-10-29T08:00:00,0.004179,0.007616,-0.000802,0.007616
2025-10-29T12:00:00,0.007616,0.008047,0.007214,0.007268
2025-10-29T16:00:00,0.007268,0.007395,0.00386,0.003958
2025-10-29T20:00:00,0.003987,0.004629,0.002533,0.002613
2025-10-30T00:00:00,0.002613,0.00533,0.000975,0.004871
2025-10-30T04:00:00,0.004871,0.004871,0.002862,0.004777
2025-10-30T08:00:00,0.004777,0.0066,0.002915,0.0066
2025-10-30T12:00:00,0.0066,0.00674,0.005662,0.005801
2025-10-30T16:00:00,0.005801,0.00678,0.001475,0.005538
2025-10-30T20:00:00,0.005896,0.006233,0.004338,0.004361
2025-10-31T00:00:00,0.004542,0.006749,0.00314,0.006643
2025-10-31T04:00:00,0.006643,0.006862,0.006369,0.006399
2025-10-31T08:00:00,0.006644,0.009525,0.004972,0.009523
2025-10-31T12:00:00,0.009523,0.009918,0.008377,0.008377
2025-10-31T16:00:00,0.008377,0.008377,0.003607,0.006255
2025-10-31T20:00:00,0.007202,0.007425,0.00656,0.00656
2025-11-01T00:00:00,0.00656,0.00656,0.003033,0.004761
2025-11-01T04:00:00,0.004761,0.005199,0.004504,0.005071
2025-11-01T08:00:00,0.005315,0.009553,0.005315,0.009553
2025-11-01T12:00:00,0.009553,0.010284,0.009208,0.009208
2025-11-01T16:00:00,0.009208,0.009208,0.004022,0.005439
2025-11-01T20:00:00,0.005326,0.007662,0.005323,0.007662
2025-11-02T00:00:00,0.007662,0.00903,0.007662,0.008972
2025-11-02T04:00:00,0.008972,0.009432,0.008784,0.009015
2025-11-02T08:00:00,0.008434,0.008907,0.003312,0.008907
2025-11-02T12:00:00,0.008907,0.009166,0.007791,0.007791
2025-11-02T16:00:00,0.006711,0.006711,0.001624,0.00547
2025-11-02T20:00:00,0.005177,0.006907,0.005177,0.006907
2025-11-03T00:00:00,0.006907,0.007255,0.004518,0.005232
2025-11-03T04:00:00,0.00575,0.006885,0.004562,0.006885
2025-11-03T08:00:00,0.007346,0.009707,0.007008,0.009705
2025-11-03T12:00:00,0.009709,0.009709,0.006644,0.006644
2025-11-03T16:00:00,0.006644,0.007225,0.004313,0.006564
2025-11-03T20:00:00,0.006534,0.007206,0.005843,0.007055
2025-11-04T00:00:00,0.007371,0.007828,0.005917,0.006109
2025-11-04T04:00:00,0.006109,0.006113,0.003875,0.005562
2025-11-04T08:00:00,0.005105,0.008671,0.003479,0.008529
2025-11-04T12:00:00,0.008187,0.008187,0.007143,0.007143
2025-11-04T16:00:00,0.007143,0.00906,0.004975,0.008781
2025-11-04T20:00:00,0.008144,0.008361,0.006265,0.006265
2025-11-05T00:00:00,0.006265,0.006265,0.000722,0.005244
2025-11-05T04:00:00,0.004912,0.005354,0.004118,0.004146
2025-11-05T08:00:00,0.003992,0.006774,0.003223,0.006664
2025-11-05T12:00:00,0.00735,0.007645,0.004377,0.004384
2025-11-05T16:00:00,0.004384,0.004384,-0.005365,0.001951
2025-11-05T20:00:00,0.00125,0.003147,0.000587,0.0031
2025-11-06T00:00:00,0.0031,0.006456,0.000445,0.006354
2025-11-06T04:00:00,0.006354,0.006985,0.006281,0.006954
2025-11-06T08:00:00,0.006793,0.007074,0.003241,0.006237
2025-11-06T12:00:00,0.007138,0.007766,0.006503,0.006645
2025-11-06T16:00:00,0.006645,0.007578,0.005542,0.006395
2025-11-06T20:00:00,0.005563,0.005569,0.004261,0.004918
2025-11-07T00:00:00,0.004918,0.006305,0.002193,0.006178
2025-11-07T04:00:00,0.006178,0.006178,0.005554,0.006111
2025-11-07T08:00:00,0.006608,0.007867,0.004286,0.007699
2025-11-07T12:00:00,0.007125,0.008303,0.006381,0.007383
2025-11-07T16:00:00,0.007383,0.007984,0.003567,0.006243
2025-11-07T20:00:00,0.006031,0.00634,0.004744,0.006325
2025-11-08T00:00:00,0.006325,0.00728,0.003584,0.004946
2025-11-08T04:00:00,0.004946,0.004946,-0.002673,0.004651
2025-11-08T08:00:00,0.005412,0.006058,0.00271,0.00499
2025-11-08T12:00:00,0.004367,0.006516,0.00329,0.006501
2025-11-08T16:00:00,0.006501,0.007556,0.002781,0.005033
2025-11-08T20:00:00,0.003708,0.003743,0.002256,0.002818
2025-11-09T00:00:00,0.002818,0.00384,0.001818,0.003496
2025-11-09T04:00:00,0.003496,0.004619,0.003449,0.00345
2025-11-09T08:00:00,0.00377,0.00679,0.003663,0.00679
2025-11-09T12:00:00,0.00679,0.007906,0.006575,0.007284
2025-11-09T16:00:00,0.007284,0.007284,0.001752,0.00723
2025-11-09T20:00:00,0.006563,0.00662,0.00548,0.006426
2025-11-10T00:00:00,0.006426,0.007471,0.004259,0.007304
2025-11-10T04:00:00,0.007304,0.007402,0.005797,0.005797
2025-11-10T08:00:00,0.006266,0.007281,0.005196,0.005196
2025-11-10T12:00:00,0.005152,0.005818,0.004525,0.005607
2025-11-10T16:00:00,0.005607,0.007379,0.005446,0.005577
2025-11-10T20:00:00,0.005047,0.005128,0.002841,0.003737
2025-11-11T00:00:00,0.003737,0.006031,0.002589,0.002589
2025-11-11T04:00:00,0.002589,0.002593,0.001325,0.002101
2025-11-11T08:00:00,0.002498,0.004636,0.002498,0.003472
2025-11-11T12:00:00,0.003472,0.008306,0.003301,0.008306
2025-11-11T16:00:00,0.008306,0.009151,0.008306,0.008582
2025-11-11T20:00:00,0.008179,0.008179,0.007186,0.007186
2025-11-12T00:00:00,0.007186,0.007186,0.004649,0.004945
2025-11-12T04:00:00,0.004945,0.005494,0.004725,0.005399
2025-11-12T08:00:00,0.00486,0.007264,0.003431,0.007216
2025-11-12T12:00:00,0.00731,0.007593,0.006977,0.006977
2025-11-12T16:00:00,0.006977,0.006977,-0.00494,0.005217
2025-11-12T20:00:00,0.00498,0.00498,0.003529,0.003544
2025-11-13T00:00:00,0.003544,0.004538,0.002719,0.004443
2025-11-13T04:00:00,0.004443,0.006147,0.004233,0.006139
2025-11-13T08:00:00,0.006402,0.006745,0.0014,0.006421
2025-11-13T12:00:00,0.006668,0.007588,0.006175,0.006175
2025-11-13T16:00:00,0.006175,0.006609,0.002856,0.005095
2025-11-13T20:00:00,0.004787,0.006616,0.004507,0.006301
2025-11-14T00:00:00,0.006194,0.008187,0.002043,0.008102
2025-11-14T04:00:00,0.008367,0.008408,0.00679,0.00679
2025-11-14T08:00:00,0.00679,0.007326,0.002816,0.00391
2025-11-14T12:00:00,0.006241,0.009113,0.006241,0.007767
2025-11-14T16:00:00,0.007767,0.007795,0.003106,0.006611
2025-11-14T20:00:00,0.007215,0.010998,0.006948,0.007784
2025-11-15T00:00:00,0.007784,0.008765,0.005247,0.008454
2025-11-15T04:00:00,0.008454,0.008454,0.006746,0.006899
2025-11-15T08:00:00,0.007276,0.008739,0.004233,0.008265
2025-11-15T12:00:00,0.008265,0.008268,0.005565,0.005565
2025-11-15T16:00:00,0.005565,0.005656,0.003446,0.004565
2025-11-15T20:00:00,0.004656,0.00611,0.004229,0.006099
2025-11-16T00:00:00,0.006099,0.008555,0.006099,0.007967
2025-11-16T04:00:00,0.007967,0.008019,0.007387,0.007871
2025-11-16T08:00:00,0.007616,0.00784,0.005085,0.006549
2025-11-16T12:00:00,0.006503,0.007377,0.006286,0.007125
2025-11-16T16:00:00,0.007125,0.008497,0.006946,0.008043
2025-11-16T20:00:00,0.008208,0.009079,0.00806,0.009059
2025-11-17T00:00:00,0.009059,0.009297,0.006048,0.009214
2025-11-17T04:00:00,0.009214,0.009429,0.009099,0.009402
2025-11-17T08:00:00,0.009343,0.009343,0.005879,0.00638
2025-11-17T12:00:00,0.007271,0.008981,0.007116,0.00826
2025-11-17T16:00:00,0.00826,0.008828,0.004974,0.006985
2025-11-17T20:00:00,0.008207,0.010884,0.008203,0.010124
2025-11-18T00:00:00,0.010124,0.010124,0.005121,0.006749
2025-11-18T04:00:00,0.007534,0.008523,0.007254,0.008513
2025-11-18T08:00:00,0.008724,0.00917,0.007664,0.008029
2025-11-18T12:00:00,0.006759,0.007139,0.006224,0.006855
2025-11-18T16:00:00,0.006855,0.006855,0.004006,0.00406
2025-11-18T20:00:00,0.004384,0.006635,0.004322,0.006588
2025-11-19T00:00:00,0.006588,0.008189,0.003498,0.008189
2025-11-19T04:00:00,0.007672,0.008126,0.006299,0.006338
2025-11-19T08:00:00,0.006338,0.006899,0.000511,0.005041
2025-11-19T12:00:00,0.004832,0.005269,0.004251,0.004251
2025-11-19T16:00:00,0.004251,0.007335,0.002255,0.007335
2025-11-19T20:00:00,0.008336,0.009214,0.007118,0.007118
2025-11-20T00:00:00,0.007118,0.008063,0.004792,0.008063
2025-11-20T04:00:00,0.008063,0.009447,0.008062,0.009356
2025-11-20T08:00:00,0.009608,0.009923,0.008988,0.009027
2025-11-20T12:00:00,0.008809,0.008828,0.007619,0.008724
2025-11-20T16:00:00,0.008724,0.008977,0.002627,0.005828
2025-11-20T20:00:00,0.00647,0.006641,0.005539,0.005686
2025-11-21T00:00:00,0.005686,0.005686,0.003268,0.005534
2025-11-21T04:00:00,0.007929,0.00847,0.00603,0.00628
2025-11-21T08:00:00,0.00628,0.007616,0.000901,0.007193
2025-11-21T12:00:00,0.007193,0.007607,0.003942,0.004682
2025-11-21T16:00:00,0.004682,0.006264,-0.00597,0.004417
2025-11-21T20:00:00,0.003922,0.003981,0.002059,0.002162
2025-11-22T00:00:00,0.002451,0.004567,0.00156,0.004567
2025-11-22T04:00:00,0.004567,0.006729,0.004364,0.006465
2025-11-22T08:00:00,0.005496,0.005986,0.001497,0.005956
2025-11-22T12:00:00,0.006406,0.006586,0.005222,0.005235
2025-11-22T16:00:00,0.005235,0.00569,0.003822,0.004173
2025-11-22T20:00:00,0.003458,0.004397,0.003258,0.003572
2025-11-23T00:00:00,0.003572,0.005139,0.001094,0.001094
2025-11-23T04:00:00,0.001094,0.001191,0.000611,0.001064
2025-11-23T08:00:00,0.002127,0.004679,0.001446,0.003285
2025-11-23T12:00:00,0.003285,0.003522,0.001305,0.001597
2025-11-23T16:00:00,0.001597,0.002224,-0.002577,-0.00029
2025-11-23T20:00:00,-0.000196,0.000432,-0.000721,0.000279
2025-11-24T00:00:00,0.001115,0.005274,0.001115,0.003531
2025-11-24T04:00:00,0.003531,0.003976,0.000778,0.00078
2025-11-24T08:00:00,0.000752,0.004906,-0.002318,0.004892
2025-11-24T12:00:00,0.004892,0.005847,0.004586,0.004586
2025-11-24T16:00:00,0.004586,0.006139,-0.003696,-0.00359
2025-11-24T20:00:00,-0.00359,-0.002873,-0.007208,-0.004622
2025-11-25T00:00:00,-0.004622,4e-06,-0.004622,-3.7e-05
2025-11-25T04:00:00,-3.7e-05,0.001235,-0.001325,0.001235
2025-11-25T08:00:00,0.001235,0.006578,0.001235,0.00519
2025-11-25T12:00:00,0.00519,0.005327,0.001816,0.002192
2025-11-25T16:00:00,0.002192,0.004933,0.000842,0.004217
2025-11-25T20:00:00,0.00323,0.003277,0.001967,0.002791
2025-11-26T00:00:00,0.002791,0.003652,0.000786,0.000808
2025-11-26T04:00:00,0.000808,0.003307,0.000552,0.003307
2025-11-26T08:00:00,0.00503,0.00595,0.002312,0.005078
2025-11-26T12:00:00,0.004769,0.004772,0.002606,0.002709
2025-11-26T16:00:00,0.002709,0.004436,-0.001785,0.002583
2025-11-26T20:00:00,0.003016,0.003119,2.6e-05,3.4e-05
2025-11-27T00:00:00,-0.000995,-0.000995,-0.005312,-0.003663
2025-11-27T04:00:00,-0.003663,0.00063,-0.003965,0.00063
2025-11-27T08:00:00,0.001507,0.003349,0.000504,0.003318
2025-11-27T12:00:00,0.003496,0.004696,0.003457,0.003954
2025-11-27T16:00:00,0.003954,0.004565,0.001253,0.00216
2025-11-27T20:00:00,0.00146,0.003031,0.000946,0.003031
2025-11-28T00:00:00,0.003031,0.00333,-8.7e-05,0.002864
2025-11-28T04:00:00,0.002864,0.005251,0.002503,0.005251
2025-11-28T08:00:00,0.004804,0.006078,0.004161,0.004386
2025-11-28T12:00:00,0.003177,0.003248,0.000726,0.000726
2025-11-28T16:00:00,0.000726,0.000726,-0.004987,-0.000375
2025-11-28T20:00:00,0.000985,0.000985,-0.001972,-0.001867
2025-11-29T00:00:00,-0.0008,0.001796,-0.0008,0.000858
2025-11-29T04:00:00,0.000858,0.002488,0.000774,0.002488
2025-11-29T08:00:00,0.002982,0.003972,0.001396,0.003941
2025-11-29T12:00:00,0.003941,0.00451,0.003189,0.004119
2025-11-29T16:00:00,0.004119,0.004394,0.000586,0.003484
2025-11-29T20:00:00,0.00493,0.007645,0.004725,0.007645
2025-11-30T00:00:00,0.007689,0.007689,0.005499,0.005506
2025-11-30T04:00:00,0.005406,0.006446,0.005386,0.006446
2025-11-30T08:00:00,0.006446,0.006446,0.001562,0.001562
2025-11-30T12:00:00,0.001374,0.0032,0.000946,0.003035
2025-11-30T16:00:00,0.003035,0.003035,-0.000334,0.002625
2025-11-30T20:00:00,0.003423,0.004159,0.003416,0.00381
2025-12-01T00:00:00,0.00374,0.005782,-0.003307,0.005643
2025-12-01T04:00:00,0.006941,0.008647,0.006761,0.007744
2025-12-01T08:00:00,0.006577,0.006629,0.000151,0.001237
2025-12-01T12:00:00,0.001237,0.003838,0.000795,0.002981
2025-12-01T16:00:00,0.002981,0.005032,-0.0001,0.004632
2025-12-01T20:00:00,0.004669,0.005409,-4.6e-05,1.6e-05
2025-12-02T00:00:00,1.6e-05,0.001947,-0.001219,0.000667
2025-12-02T04:00:00,0.000667,0.001597,0.000667,0.001571
2025-12-02T08:00:00,0.001585,0.006535,-0.001156,0.006535
2025-12-02T12:00:00,0.006405,0.006589,0.00307,0.003284
2025-12-02T16:00:00,0.003284,0.004759,0.000418,0.001497
2025-12-02T20:00:00,0.000813,0.001746,-0.001573,0.000649
2025-12-03T00:00:00,0.000649,0.004043,0.000649,0.004042
2025-12-03T04:00:00,0.004042,0.004042,0.002792,0.003111
2025-12-03T08:00:00,0.003786,0.006202,0.002451,0.004714
2025-12-03T12:00:00,0.003518,0.00367,0.000126,0.000599
2025-12-03T16:00:00,0.001053,0.005598,-0.001679,0.005481
2025-12-03T20:00:00,0.006242,0.006552,0.002904,0.002912
2025-12-04T00:00:00,0.001792,0.001792,-0.000813,0.001708
2025-12-04T04:00:00,0.001708,0.003141,0.001708,0.003141
2025-12-04T08:00:00,0.004158,0.004753,-0.002025,0.003541
2025-12-04T12:00:00,0.002708,0.002853,0.001498,0.002481
2025-12-04T16:00:00,0.003736,0.00581,-0.000763,0.005642
2025-12-04T20:00:00,0.00599,0.0066,0.004191,0.004191
2025-12-05T00:00:00,0.004019,0.005517,0.002768,0.003627
2025-12-05T04:00:00,0.003684,0.004926,0.003319,0.004926
2025-12-05T08:00:00,0.005,0.006146,0.003161,0.005641
2025-12-05T12:00:00,0.005306,0.005311,0.004518,0.00469
2025-12-05T16:00:00,0.003324,0.003581,-0.004475,0.000508
2025-12-05T20:00:00,0.001238,0.004068,0.000878,0.004068
2025-12-06T00:00:00,0.00475,0.005559,0.001498,0.005559
2025-12-06T04:00:00,0.004584,0.004584,0.002339,0.002853
2025-12-06T08:00:00,0.00258,0.00401,0.001232,0.00401
2025-12-06T12:00:00,0.003994,0.003994,0.001092,0.001092
2025-12-06T16:00:00,0.000604,0.00214,-0.001577,-0.000288
2025-12-06T20:00:00,0.000655,0.002706,0.000655,0.0026
2025-12-07T00:00:00,0.003263,0.004379,0.001966,0.002647
2025-12-07T04:00:00,0.002647,0.003238,0.001717,0.003238
2025-12-07T08:00:00,0.003368,0.00429,0.002131,0.004146
2025-12-07T12:00:00,0.003594,0.003949,0.002626,0.003391
2025-12-07T16:00:00,0.004466,0.005373,0.001717,0.003893
2025-12-07T20:00:00,0.003603,0.00371,0.003042,0.003315
2025-12-08T00:00:00,0.003252,0.004097,0.001176,0.004097
2025-12-08T04:00:00,0.004097,0.00686,0.004097,0.006823
2025-12-08T08:00:00,0.007313,0.007313,0.004593,0.004667
2025-12-08T12:00:00,0.004708,0.00546,0.004586,0.005301
2025-12-08T16:00:00,0.005112,0.005374,0.000511,0.000511
2025-12-08T20:00:00,0.000262,0.000542,-0.00097,-0.000449
2025-12-09T00:00:00,0.00061,0.00363,0.00012,0.00363
2025-12-09T04:00:00,0.00363,0.00456,0.00363,0.004546
2025-12-09T08:00:00,0.004603,0.004603,0.001347,0.00419
2025-12-09T12:00:00,0.003187,0.003544,0.000791,0.003544
2025-12-09T16:00:00,0.003544,0.007632,0.003544,0.005074
2025-12-09T20:00:00,0.005519,0.005548,0.002399,0.002401
2025-12-10T00:00:00,0.001953,0.003582,0.001303,0.003545
2025-12-10T04:00:00,0.003545,0.005124,0.003312,0.005124
2025-12-10T08:00:00,0.005488,0.005654,0.002849,0.004888
2025-12-10T12:00:00,0.004814,0.006413,0.004814,0.006309
2025-12-10T16:00:00,0.006397,0.006397,0.003386,0.004427
2025-12-10T20:00:00,0.003766,0.003766,0.001943,0.002625
2025-12-11T00:00:00,0.003495,0.00477,0.003495,0.003597
2025-12-11T04:00:00,0.003798,0.003976,0.001802,0.001807
2025-12-11T08:00:00,0.001496,0.003502,0.000374,0.0035
2025-12-11T12:00:00,0.004384,0.006771,0.004339,0.006494
2025-12-11T16:00:00,0.00664,0.007143,0.004552,0.006461
2025-12-11T20:00:00,0.005082,0.007176,0.003825,0.007176
2025-12-12T00:00:00,0.007051,0.007051,0.005003,0.00527
2025-12-12T04:00:00,0.00527,0.006686,0.004975,0.006682
2025-12-12T08:00:00,0.006583,0.007578,0.004122,0.007555
2025-12-12T12:00:00,0.007537,0.007735,0.006043,0.006046
2025-12-12T16:00:00,0.004751,0.005734,0.000481,0.000481
2025-12-12T20:00:00,0.000662,0.001858,0.000394,0.001838
2025-12-13T00:00:00,0.00248,0.004526,0.00206,0.004526
2025-12-13T04:00:00,0.004829,0.004829,0.003983,0.004412
2025-12-13T08:00:00,0.004343,0.004507,0.002018,0.002018
2025-12-13T12:00:00,0.002073,0.006027,0.002073,0.006027
2025-12-13T16:00:00,0.007056,0.009338,0.006902,0.009338
2025-12-13T20:00:00,0.00961,0.009685,0.009458,0.009461
2025-12-14T00:00:00,0.009396,0.009396,0.006604,0.006612
2025-12-14T04:00:00,0.006612,0.006619,0.005494,0.005494
2025-12-14T08:00:00,0.005499,0.005653,0.004115,0.005123
2025-12-14T12:00:00,0.003597,0.00395,0.002894,0.003616
2025-12-14T16:00:00,0.004233,0.004588,0.002248,0.002273
2025-12-14T20:00:00,0.001911,0.003465,0.001647,0.003465
2025-12-15T00:00:00,0.003416,0.004146,0.001472,0.001472
2025-12-15T04:00:00,0.000519,0.001198,0.000384,0.001132
2025-12-15T08:00:00,0.000973,0.001472,-0.000841,0.000728
2025-12-15T12:00:00,0.000658,0.003761,0.000394,0.00358
2025-12-15T16:00:00,0.004691,0.006437,0.003726,0.005747
2025-12-15T20:00:00,0.00585,0.008206,0.00553,0.008206
2025-12-16T00:00:00,0.007705,0.008224,0.00466,0.004662
2025-12-16T04:00:00,0.004417,0.004763,0.004271,0.004756
2025-12-16T08:00:00,0.00403,0.004784,0.001062,0.00273
2025-12-16T12:00:00,0.003213,0.004564,0.002167,0.004564
2025-12-16T16:00:00,0.004564,0.004997,-0.004943,0.003085
2025-12-16T20:00:00,0.003098,0.005084,0.003012,0.005068
2025-12-17T00:00:00,0.004665,0.005774,0.002671,0.00562
2025-12-17T04:00:00,0.00562,0.00649,0.004952,0.00649
2025-12-17T08:00:00,0.006499,0.007002,0.003745,0.006812
2025-12-17T12:00:00,0.007761,0.007976,0.006434,0.007542
2025-12-17T16:00:00,0.007542,0.0079,0.004367,0.006699
2025-12-17T20:00:00,0.007685,0.008067,0.007317,0.007317
2025-12-18T00:00:00,0.007317,0.007317,0.004662,0.005502
2025-12-18T04:00:00,0.004749,0.004936,0.003922,0.004875
2025-12-18T08:00:00,0.004875,0.005298,0.001601,0.005298
2025-12-18T12:00:00,0.005298,0.009041,0.005298,0.009041
2025-12-18T16:00:00,0.009041,0.009573,0.006644,0.006659
2025-12-18T20:00:00,0.006659,0.006717,0.005063,0.005063
2025-12-19T00:00:00,0.004805,0.00556,0.003041,0.005498
2025-12-19T04:00:00,0.006392,0.008652,0.006392,0.008652
2025-12-19T08:00:00,0.009146,0.009571,0.006812,0.009541
2025-12-19T12:00:00,0.009387,0.009424,0.008925,0.009247
2025-12-19T16:00:00,0.009386,0.009448,0.007008,0.007453
2025-12-19T20:00:00,0.007453,0.008361,0.006504,0.007019
2025-12-20T00:00:00,0.004585,0.004592,0.003638,0.003655
2025-12-20T04:00:00,0.00222,0.00222,0.00108,0.001445
2025-12-20T08:00:00,0.001582,0.003728,0.000786,0.003728
2025-12-20T12:00:00,0.004715,0.006095,0.004337,0.005524
2025-12-20T16:00:00,0.005302,0.006274,0.002752,0.005218
2025-12-20T20:00:00,0.005218,0.00756,0.005218,0.00756
2025-12-21T00:00:00,0.00756,0.007823,0.005925,0.007664
2025-12-21T04:00:00,0.007664,0.007955,0.007212,0.007276
2025-12-21T08:00:00,0.007276,0.007852,0.005024,0.007491
2025-12-21T12:00:00,0.007491,0.007519,0.00556,0.005591
2025-12-21T16:00:00,0.005591,0.005977,0.002493,0.003916
2025-12-21T20:00:00,0.003916,0.00647,0.003736,0.00647
2025-12-22T00:00:00,0.00647,0.00775,0.005637,0.005672
2025-12-22T04:00:00,0.005672,0.00607,0.005221,0.00607
2025-12-22T08:00:00,0.00607,0.008407,0.004538,0.008407
2025-12-22T12:00:00,0.008407,0.008457,0.008104,0.008133
2025-12-22T16:00:00,0.006286,0.006286,0.000848,0.004859
2025-12-22T20:00:00,0.004469,0.005488,0.00403,0.00485
2025-12-23T00:00:00,0.00485,0.005413,0.003704,0.005386
2025-12-23T04:00:00,0.006367,0.007073,0.005961,0.006494
2025-12-23T08:00:00,0.005753,0.005975,0.001755,0.00463
2025-12-23T12:00:00,0.00404,0.004485,0.003303,0.004485
2025-12-23T16:00:00,0.004485,0.008033,9.9e-05,0.008033
2025-12-23T20:00:00,0.008033,0.008732,0.008033,0.008732
2025-12-24T00:00:00,0.008455,0.008455,0.005816,0.00658
2025-12-24T04:00:00,0.00658,0.007101,0.006399,0.006917
2025-12-24T08:00:00,0.006917,0.007299,0.004768,0.004874
2025-12-24T12:00:00,0.005297,0.006722,0.005162,0.006607
2025-12-24T16:00:00,0.007412,0.009566,0.005259,0.009566
2025-12-24T20:00:00,0.009689,0.009689,0.008045,0.008045
2025-12-25T00:00:00,0.008045,0.008045,0.005199,0.006487
2025-12-25T04:00:00,0.006487,0.007308,0.00644,0.007308
2025-12-25T08:00:00,0.007644,0.008304,0.006042,0.007496
2025-12-25T12:00:00,0.008068,0.008362,0.007344,0.007646
2025-12-25T16:00:00,0.007646,0.007646,0.006048,0.007128
2025-12-25T20:00:00,0.006989,0.006992,0.00543,0.005454
2025-12-26T00:00:00,0.005454,0.008024,0.003168,0.007756
2025-12-26T04:00:00,0.007756,0.007826,0.007142,0.007596
2025-12-26T08:00:00,0.007596,0.010013,0.007184,0.010013
2025-12-26T12:00:00,0.009952,0.010496,0.009593,0.010496
2025-12-26T16:00:00,0.010496,0.010496,0.005843,0.006919
2025-12-26T20:00:00,0.00615,0.00615,0.005001,0.00503
2025-12-27T00:00:00,0.004608,0.005329,0.001876,0.005148
2025-12-27T04:00:00,0.005148,0.00515,0.004358,0.004547
2025-12-27T08:00:00,0.004447,0.004635,0.003092,0.004423
2025-12-27T12:00:00,0.004871,0.006445,0.004627,0.006368
2025-12-27T16:00:00,0.006368,0.006858,0.00489,0.005369
2025-12-27T20:00:00,0.00486,0.005039,0.003626,0.003862
2025-12-28T00:00:00,0.004011,0.00561,0.002863,0.00561
2025-12-28T04:00:00,0.005915,0.007329,0.005885,0.007329
2025-12-28T08:00:00,0.007754,0.008815,0.007065,0.008684
2025-12-28T12:00:00,0.008706,0.00918,0.008665,0.008665
2025-12-28T16:00:00,0.008665,0.008665,0.007166,0.008086
2025-12-28T20:00:00,0.008051,0.008232,0.007362,0.00738
2025-12-29T00:00:00,0.008499,0.009476,0.008214,0.008749
2025-12-29T04:00:00,0.009032,0.009093,0.008156,0.008428
2025-12-29T08:00:00,0.008767,0.008925,0.006158,0.008802
2025-12-29T12:00:00,0.008076,0.008126,0.005743,0.005743
2025-12-29T16:00:00,0.005743,0.007008,0.001833,0.007008
2025-12-29T20:00:00,0.007959,0.01043,0.007959,0.01043
2025-12-30T00:00:00,0.010479,0.010479,0.00875,0.00875
2025-12-30T04:00:00,0.00875,0.008757,0.007471,0.007471
2025-12-30T08:00:00,0.006527,0.006929,0.002935,0.005654
2025-12-30T12:00:00,0.007004,0.008627,0.007004,0.007739
2025-12-30T16:00:00,0.007739,0.007739,0.003242,0.005228
2025-12-30T20:00:00,0.004966,0.005636,0.00426,0.005636
2025-12-31T00:00:00,0.005512,0.007572,0.005512,0.007362
2025-12-31T04:00:00,0.007463,0.008063,0.007098,0.007933
2025-12-31T08:00:00,0.007649,0.007649,0.00579,0.007558
2025-12-31T12:00:00,0.007619,0.008561,0.007424,0.00847
2025-12-31T16:00:00,0.00847,0.00854,0.006759,0.008538
2025-12-31T20:00:00,0.008917,0.009586,0.008619,0.009586
2026-01-01T00:00:00,0.00975,0.00992,0.007816,0.00992
2026-01-01T04:00:00,0.00992,0.010904,0.009889,0.010904
2026-01-01T08:00:00,0.010908,0.010908,0.008584,0.008584
2026-01-01T12:00:00,0.008099,0.008099,0.00558,0.00558
2026-01-01T16:00:00,0.004662,0.004662,0.000772,0.00437
2026-01-01T20:00:00,0.004567,0.007104,0.004567,0.007104
2026-01-02T00:00:00,0.007204,0.007204,0.003396,0.006772
2026-01-02T04:00:00,0.006772,0.007802,0.006635,0.00772
2026-01-02T08:00:00,0.007587,0.008555,0.005762,0.007151
2026-01-02T12:00:00,0.004924,0.004924,0.003249,0.003249
2026-01-02T16:00:00,0.002034,0.002034,-0.003269,-0.002989
2026-01-02T20:00:00,-0.001946,-0.00194,-0.00263,-0.00263
2026-01-03T00:00:00,-0.00293,-0.001977,-0.004636,-0.003178
2026-01-03T04:00:00,-0.00299,-0.000482,-0.00299,-0.000482
2026-01-03T08:00:00,0.00061,0.003198,0.000218,0.003
2026-01-03T12:00:00,0.004018,0.005404,0.003883,0.005254
2026-01-03T16:00:00,0.0051,0.00541,0.003195,0.005262
2026-01-03T20:00:00,0.005884,0.007674,0.005769,0.007439
2026-01-04T00:00:00,0.007412,0.00744,0.005565,0.0063
2026-01-04T04:00:00,0.0063,0.0063,0.005379,0.005379
2026-01-04T08:00:00,0.004775,0.004775,-0.004904,-0.000824
2026-01-04T12:00:00,-0.001086,0.0008,-0.001312,0.0008
2026-01-04T16:00:00,0.0016,0.005713,0.0016,0.004876
2026-01-04T20:00:00,0.004441,0.005693,0.004211,0.005693
2026-01-05T00:00:00,0.006619,0.008156,0.006499,0.006499
2026-01-05T04:00:00,0.006438,0.007925,0.005917,0.007925
2026-01-05T08:00:00,0.007925,0.009062,0.00687,0.00901
2026-01-05T12:00:00,0.00872,0.008731,0.007083,0.007083
2026-01-05T16:00:00,0.007083,0.007083,-0.003184,-0.002762
2026-01-05T20:00:00,-0.003874,-0.00356,-0.005197,-0.00356
2026-01-06T00:00:00,-0.002835,0.002025,-0.003626,0.002025
2026-01-06T04:00:00,0.002025,0.003645,0.002025,0.003524
2026-01-06T08:00:00,0.004136,0.007104,0.004136,0.007104
2026-01-06T12:00:00,0.007342,0.007929,0.005971,0.005971
2026-01-06T16:00:00,0.005971,0.008771,0.001138,0.008771
2026-01-06T20:00:00,0.008771,0.010136,0.008771,0.009197
2026-01-07T00:00:00,0.008804,0.010129,0.005548,0.010128
2026-01-07T04:00:00,0.010487,0.011441,0.010203,0.010204
2026-01-07T08:00:00,0.01008,0.010601,0.005752,0.010034
2026-01-07T12:00:00,0.010034,0.010034,0.006352,0.007316
2026-01-07T16:00:00,0.008341,0.008341,0.003468,0.004844
2026-01-07T20:00:00,0.006528,0.010322,0.006528,0.010313
2026-01-08T00:00:00,0.010344,0.010344,0.008756,0.009463
2026-01-08T04:00:00,0.00952,0.009689,0.00879,0.00879
2026-01-08T08:00:00,0.00879,0.00879,0.003683,0.006855
2026-01-08T12:00:00,0.007507,0.00906,0.007507,0.008962
2026-01-08T16:00:00,0.007728,0.007728,-0.000273,0.000596
2026-01-08T20:00:00,0.000596,0.001204,0.000437,0.000631
2026-01-09T00:00:00,0.001215,0.002843,-0.001287,0.002843
2026-01-09T04:00:00,0.002843,0.007966,0.002843,0.007964
2026-01-09T08:00:00,0.007964,0.009055,0.004707,0.005552
2026-01-09T12:00:00,0.005552,0.005552,0.002762,0.002958
2026-01-09T16:00:00,0.004518,0.005832,0.00357,0.004337
2026-01-09T20:00:00,0.004337,0.007723,0.004337,0.007721
2026-01-10T00:00:00,0.007721,0.009262,0.006716,0.009262
2026-01-10T04:00:00,0.009262,0.00965,0.009038,0.00954
2026-01-10T08:00:00,0.00954,0.00954,0.007722,0.008531
2026-01-10T12:00:00,0.008531,0.008594,0.007877,0.007988
2026-01-10T16:00:00,0.007988,0.008065,0.005803,0.008065
2026-01-10T20:00:00,0.008065,0.008199,0.007694,0.007712
2026-01-11T00:00:00,0.007697,0.007892,0.006383,0.007886
2026-01-11T04:00:00,0.008049,0.008459,0.007831,0.008074
2026-01-11T08:00:00,0.008074,0.008074,0.006268,0.006288
2026-01-11T12:00:00,0.005631,0.005781,0.005166,0.005221
2026-01-11T16:00:00,0.004804,0.006467,0.004804,0.00596
2026-01-11T20:00:00,0.00596,0.006338,0.005397,0.005902
2026-01-12T00:00:00,0.005902,0.008741,0.00499,0.008721
2026-01-12T04:00:00,0.008721,0.008782,0.006696,0.00757
2026-01-12T08:00:00,0.00757,0.008173,0.006794,0.007016
2026-01-12T12:00:00,0.007103,0.007465,0.005659,0.005659
2026-01-12T16:00:00,0.005659,0.005659,0.002592,0.005085
2026-01-12T20:00:00,0.005085,0.005574,0.002975,0.003013
2026-01-13T00:00:00,0.003681,0.007594,0.003681,0.007594
2026-01-13T04:00:00,0.007594,0.009977,0.007594,0.009965
2026-01-13T08:00:00,0.010167,0.010167,0.009512,0.009628
2026-01-13T12:00:00,0.009628,0.010107,0.007508,0.007696
2026-01-13T16:00:00,0.007696,0.007696,-0.003952,-0.003952
2026-01-13T20:00:00,-0.003952,-0.000368,-0.008539,-0.000368
2026-01-14T00:00:00,-0.000368,0.003148,-0.000368,0.003073
2026-01-14T04:00:00,0.003294,0.005829,0.002473,0.005829
2026-01-14T08:00:00,0.005829,0.009126,0.005829,0.009126
2026-01-14T12:00:00,0.009126,0.009861,0.006826,0.006826
2026-01-14T16:00:00,0.006826,0.006826,-0.004611,-0.003489
2026-01-14T20:00:00,-0.003489,-0.001888,-0.004274,-0.001888
2026-01-15T00:00:00,-0.001888,0.002471,-0.002309,0.002471
2026-01-15T04:00:00,0.002471,0.003996,0.002471,0.003339
2026-01-15T08:00:00,0.003339,0.004144,0.000994,0.002887
2026-01-15T12:00:00,0.001265,0.0021,0.001265,0.0021
2026-01-15T16:00:00,0.0021,0.003035,-0.004887,0.003028
2026-01-15T20:00:00,0.003028,0.004542,0.002732,0.004434
2026-01-16T00:00:00,0.004545,0.005816,0.00258,0.005816
2026-01-16T04:00:00,0.005816,0.007071,0.005767,0.006699
2026-01-16T08:00:00,0.006325,0.007045,0.003856,0.004422
2026-01-16T12:00:00,0.004946,0.005173,0.00415,0.004355
2026-01-16T16:00:00,0.004355,0.005172,0.002941,0.005006
2026-01-16T20:00:00,0.005472,0.005796,0.003044,0.003044
2026-01-17T00:00:00,0.003044,0.003044,0.000215,0.001446
2026-01-17T04:00:00,0.001446,0.002365,0.001272,0.002365
2026-01-17T08:00:00,0.002927,0.005962,0.002174,0.00552
2026-01-17T12:00:00,0.00552,0.00552,0.00383,0.003836
2026-01-17T16:00:00,0.003836,0.003836,0.000572,0.001984
2026-01-17T20:00:00,0.001984,0.004231,0.001984,0.004231
2026-01-18T00:00:00,0.004012,0.005781,0.003429,0.004857
2026-01-18T04:00:00,0.005433,0.007984,0.005086,0.007984
2026-01-18T08:00:00,0.008482,0.008482,0.006328,0.007432
2026-01-18T12:00:00,0.007432,0.007622,0.006683,0.006683
2026-01-18T16:00:00,0.006382,0.006554,0.00449,0.005888
2026-01-18T20:00:00,0.00512,0.005909,0.004995,0.005479
2026-01-19T00:00:00,0.004201,0.004201,-0.006396,0.002296
2026-01-19T04:00:00,0.002296,0.003,0.00199,0.002985
2026-01-19T08:00:00,0.002549,0.002549,-0.003378,0.00045
2026-01-19T12:00:00,0.001269,0.003711,0.001225,0.003711
2026-01-19T16:00:00,0.004733,0.006151,0.003868,0.005219
2026-01-19T20:00:00,0.005219,0.006691,0.005219,0.006617
2026-01-20T00:00:00,0.006803,0.007606,0.005468,0.00703
2026-01-20T04:00:00,0.006988,0.007299,0.003546,0.00503
2026-01-20T08:00:00,0.00503,0.00503,0.00247,0.005006
2026-01-20T12:00:00,0.005354,0.005935,0.004501,0.005366
2026-01-20T16:00:00,0.005366,0.006909,-0.00072,0.006909
2026-01-20T20:00:00,0.008637,0.010048,0.008637,0.009909
2026-01-21T00:00:00,0.009675,0.009675,0.005691,0.005703
2026-01-21T04:00:00,0.005453,0.005453,0.004565,0.004854
2026-01-21T08:00:00,0.004854,0.007053,0.004567,0.005776
2026-01-21T12:00:00,0.005246,0.005246,0.004086,0.005154
2026-01-21T16:00:00,0.004275,0.004275,-0.001165,0.003359
2026-01-21T20:00:00,0.004896,0.006733,0.004705,0.005229
2026-01-22T00:00:00,0.005229,0.006475,0.004729,0.006364
2026-01-22T04:00:00,0.0065,0.007153,0.006211,0.006518
2026-01-22T08:00:00,0.005907,0.007302,0.004338,0.007302
2026-01-22T12:00:00,0.007889,0.008576,0.006036,0.007778
2026-01-22T16:00:00,0.007778,0.007778,0.005738,0.005738
2026-01-22T20:00:00,0.006398,0.006874,0.005235,0.005858
2026-01-23T00:00:00,0.005858,0.005858,0.002896,0.003819
2026-01-23T04:00:00,0.004022,0.005228,0.003882,0.004729
2026-01-23T08:00:00,0.004729,0.00602,0.000461,0.006016
2026-01-23T12:00:00,0.006869,0.006869,0.004836,0.005652
2026-01-23T16:00:00,0.005652,0.005652,0.000405,0.004523
2026-01-23T20:00:00,0.004369,0.004813,0.003279,0.003538
2026-01-24T00:00:00,0.003538,0.004932,0.002122,0.00487
2026-01-24T04:00:00,0.004933,0.006617,0.004501,0.006617
2026-01-24T08:00:00,0.006617,0.007871,0.005698,0.00745
2026-01-24T12:00:00,0.007596,0.008291,0.005731,0.005731
2026-01-24T16:00:00,0.005731,0.005731,0.003469,0.003551
2026-01-24T20:00:00,0.003551,0.0037,0.002906,0.003258
2026-01-25T00:00:00,0.003258,0.004606,0.00196,0.004456
2026-01-25T04:00:00,0.004456,0.00703,0.004456,0.00703
2026-01-25T08:00:00,0.00784,0.008624,0.006629,0.007769
2026-01-25T12:00:00,0.006995,0.007127,0.006128,0.006495
2026-01-25T16:00:00,0.006495,0.006495,-0.000205,0.004126
2026-01-25T20:00:00,0.004126,0.005897,0.003585,0.005897
2026-01-26T00:00:00,0.005897,0.00709,0.005454,0.005454
2026-01-26T04:00:00,0.004149,0.004667,0.002891,0.003091
2026-01-26T08:00:00,0.003765,0.005401,0.003175,0.005333
2026-01-26T12:00:00,0.005333,0.006565,0.005217,0.006111
2026-01-26T16:00:00,0.006111,0.006325,0.003367,0.00612
2026-01-26T20:00:00,0.005819,0.00685,0.00561,0.005983
2026-01-27T00:00:00,0.006202,0.006202,0.003421,0.005879
2026-01-27T04:00:00,0.006528,0.006831,0.005133,0.006831
2026-01-27T08:00:00,0.006831,0.008016,0.00522,0.007972
2026-01-27T12:00:00,0.007972,0.007972,0.006071,0.006622
2026-01-27T16:00:00,0.006622,0.007044,0.002848,0.006164
2026-01-27T20:00:00,0.006164,0.00729,0.005906,0.005913
2026-01-28T00:00:00,0.005913,0.005913,0.003788,0.005527
2026-01-28T04:00:00,0.005527,0.00711,0.005433,0.00711
2026-01-28T08:00:00,0.00711,0.008952,0.006382,0.008888
2026-01-28T12:00:00,0.008888,0.008898,0.004995,0.005037
2026-01-28T16:00:00,0.005037,0.00525,0.003258,0.005238
2026-01-28T20:00:00,0.005238,0.006567,0.005238,0.006239
2026-01-29T00:00:00,0.006239,0.006239,0.004207,0.004601
2026-01-29T04:00:00,0.004601,0.005293,0.004439,0.00529
2026-01-29T08:00:00,0.00529,0.006595,0.003869,0.006595
2026-01-29T12:00:00,0.006595,0.006595,0.005276,0.005738
2026-01-29T16:00:00,0.005738,0.006011,0.003331,0.003737
2026-01-29T20:00:00,0.003332,0.005387,0.003332,0.004161
2026-01-30T00:00:00,0.004161,0.004161,-0.001362,-0.000798
2026-01-30T04:00:00,-0.000798,-0.000306,-0.0024,-0.001429
2026-01-30T08:00:00,-0.001429,0.001785,-0.003627,-0.0004
2026-01-30T12:00:00,-0.00015,0.001069,-0.000405,0.001056
2026-01-30T16:00:00,0.001056,0.00658,-0.000163,0.006576
2026-01-30T20:00:00,0.006443,0.010073,0.006257,0.010062
2026-01-31T00:00:00,0.009895,0.009895,0.006365,0.006365
2026-01-31T04:00:00,0.006365,0.007086,0.0058,0.006136
2026-01-31T08:00:00,0.006136,0.007932,0.005479,0.007775
2026-01-31T12:00:00,0.007095,0.009081,0.006867,0.008332
2026-01-31T16:00:00,0.008332,0.008332,0.000122,0.001224
2026-01-31T20:00:00,0.001224,0.001233,-0.001255,-0.000785
2026-02-01T00:00:00,-0.000785,0.001257,-0.00184,0.000549
2026-02-01T04:00:00,0.000549,0.000938,-0.000109,0.00091
2026-02-01T08:00:00,0.00091,0.002765,-0.00016,0.000893
2026-02-01T12:00:00,0.000893,0.000921,0.000339,0.000744
2026-02-01T16:00:00,0.002897,0.004425,-0.020719,0.004074
2026-02-01T20:00:00,0.004074,0.004755,0.002398,0.003065
2026-02-02T00:00:00,0.003065,0.004072,0.000165,0.00099
2026-02-02T04:00:00,0.00099,0.002195,0.000687,0.000935
2026-02-02T08:00:00,0.000935,0.00115,-0.005272,-0.003446
2026-02-02T12:00:00,-0.003446,-0.002852,-0.005103,-0.005103
2026-02-02T16:00:00,-0.005103,-0.004063,-0.010538,-0.007655
2026-02-02T20:00:00,-0.007655,-0.001919,-0.007766,-0.001935
2026-02-03T00:00:00,-0.001935,0.000615,-0.003736,0.000309
2026-02-03T04:00:00,0.000309,0.001548,-0.000469,0.001456
2026-02-03T08:00:00,0.001456,0.003257,-0.001615,-0.001611
2026-02-03T12:00:00,-0.0012,-0.000548,-0.001743,-0.000562
2026-02-03T16:00:00,-0.000562,0.003725,-0.003285,0.003695
2026-02-03T20:00:00,0.005117,0.005397,0.003791,0.00449
2026-02-04T00:00:00,0.00449,0.00449,0.00056,0.0033
2026-02-04T04:00:00,0.0033,0.005638,0.002619,0.005581
2026-02-04T08:00:00,0.005581,0.005628,0.002129,0.005628
2026-02-04T12:00:00,0.006709,0.008634,0.006561,0.00657
2026-02-04T16:00:00,0.00657,0.00657,0.000661,0.00596
2026-02-04T20:00:00,0.00702,0.009275,0.006565,0.008848
2026-02-05T00:00:00,0.008848,0.008848,0.005236,0.005972
2026-02-05T04:00:00,0.005972,0.005972,0.002505,0.002766
2026-02-05T08:00:00,0.002766,0.003564,-0.00647,0.00069
2026-02-05T12:00:00,0.00069,0.001722,-0.000335,0.000359
2026-02-05T16:00:00,0.000359,0.001519,-0.013271,0.001208
2026-02-05T20:00:00,0.003493,0.005708,-0.00207,0.005036
2026-02-06T00:00:00,0.005036,0.005036,-0.008814,-0.007053
2026-02-06T04:00:00,-0.007053,-0.002883,-0.007053,-0.004372
2026-02-06T08:00:00,-0.004543,-0.003777,-0.009615,-0.003885
2026-02-06T12:00:00,-0.003885,-0.001905,-0.004491,-0.002179
2026-02-06T16:00:00,-0.005893,-0.005893,-0.014618,-0.013658
2026-02-06T20:00:00,-0.01285,-0.011599,-0.018124,-0.011599
2026-02-07T00:00:00,-0.011599,-0.006173,-0.015223,-0.006173
2026-02-07T04:00:00,-0.004673,-0.002285,-0.004673,-0.002368
2026-02-07T08:00:00,-0.001458,0.000418,-0.003252,0.000418
2026-02-07T12:00:00,0.000418,0.001978,0.000309,0.001374
2026-02-07T16:00:00,0.001849,0.00326,-0.001611,0.002604
2026-02-07T20:00:00,0.002306,0.003222,0.001577,0.001583
2026-02-08T00:00:00,0.001147,0.001147,-0.003865,-0.000665
2026-02-08T04:00:00,-0.000665,0.000571,-0.000921,-0.000901
2026-02-08T08:00:00,-0.000901,0.00049,-0.004374,-7.3e-05
2026-02-08T12:00:00,-7.3e-05,0.000385,-0.001049,0.000385
2026-02-08T16:00:00,0.000385,0.002038,-0.002806,0.001883
2026-02-08T20:00:00,0.001218,0.002559,0.000103,0.001462
2026-02-09T00:00:00,0.001462,0.001501,-0.002749,0.001479
2026-02-09T04:00:00,0.001479,0.00382,0.001122,0.003811
2026-02-09T08:00:00,0.004942,0.004942,-0.004755,0.001359
2026-02-09T12:00:00,0.001359,0.001494,-0.001035,-0.001014
2026-02-09T16:00:00,-0.001014,0.002264,-0.003542,-0.001858
2026-02-09T20:00:00,-0.001858,-6.5e-05,-0.003558,-6.5e-05
2026-02-10T00:00:00,-6.5e-05,0.001873,-0.001351,0.001873
2026-02-10T04:00:00,0.001873,0.002832,0.000992,0.000992
2026-02-10T08:00:00,0.000992,0.001274,-0.002559,-0.00113
2026-02-10T12:00:00,-0.00113,-0.000936,-0.00374,-0.003362
2026-02-10T16:00:00,-0.003295,-0.002386,-0.008753,-0.002386
2026-02-10T20:00:00,-0.002386,0.003053,-0.002615,0.003053
2026-02-11T00:00:00,0.003053,0.004485,-0.000697,-0.000466
2026-02-11T04:00:00,-0.000466,-0.0003,-0.002187,-0.001713
2026-02-11T08:00:00,-0.001713,0.002087,-0.003189,0.002087
2026-02-11T12:00:00,0.002087,0.002331,0.000801,0.002331
2026-02-11T16:00:00,0.002331,0.004187,-0.001641,0.003346
2026-02-11T20:00:00,0.003346,0.003346,0.000928,0.001156
2026-02-12T00:00:00,0.001156,0.00397,-0.000221,0.00397
2026-02-12T04:00:00,0.00397,0.005114,0.00397,0.004712
2026-02-12T08:00:00,0.004902,0.005529,0.003222,0.004441
2026-02-12T12:00:00,0.004441,0.004441,0.003535,0.004027
2026-02-12T16:00:00,0.004117,0.004321,0.000422,0.003932
2026-02-12T20:00:00,0.003932,0.006663,0.003732,0.006531
2026-02-13T00:00:00,0.006531,0.006531,0.003637,0.003858
2026-02-13T04:00:00,0.002678,0.003669,0.002173,0.003542
2026-02-13T08:00:00,0.003542,0.004611,0.001951,0.003432
2026-02-13T12:00:00,0.003002,0.003404,0.002421,0.00324
2026-02-13T16:00:00,0.002562,0.003842,-0.004013,-0.004013
2026-02-13T20:00:00,-0.004013,-0.00011,-0.00453,-0.00011
2026-02-14T00:00:00,-0.00011,0.002469,-0.000314,0.00245
2026-02-14T04:00:00,0.00245,0.003277,0.001811,0.001811
2026-02-14T08:00:00,0.001968,0.004592,-0.00152,-0.000804
2026-02-14T12:00:00,-0.000804,0.002524,-0.001013,0.002371
2026-02-14T16:00:00,0.002371,0.004991,-0.00448,0.004923
2026-02-14T20:00:00,0.004923,0.005001,0.002949,0.002949
2026-02-15T00:00:00,0.002949,0.003618,0.000973,0.003284
2026-02-15T04:00:00,0.003284,0.005141,0.00303,0.00303
2026-02-15T08:00:00,0.00303,0.00303,-0.002223,-8.9e-05
2026-02-15T12:00:00,-8.9e-05,0.001355,-0.000105,0.001355
2026-02-15T16:00:00,0.000968,0.00626,-0.001339,0.00626
2026-02-15T20:00:00,0.00626,0.007358,0.006216,0.006502
2026-02-16T00:00:00,0.006502,0.006502,0.002588,0.003433
2026-02-16T04:00:00,0.003433,0.004011,0.003433,0.003827
2026-02-16T08:00:00,0.003825,0.003825,0.000104,0.000971
2026-02-16T12:00:00,0.00086,0.002173,9.3e-05,9.3e-05
2026-02-16T16:00:00,9.3e-05,0.001379,-0.002517,-0.001371
2026-02-16T20:00:00,-0.000198,0.004782,-0.000396,0.004782
2026-02-17T00:00:00,0.004782,0.006151,0.002691,0.005485
2026-02-17T04:00:00,0.005429,0.005906,0.004199,0.004199
2026-02-17T08:00:00,0.004199,0.00532,0.001941,0.003052
2026-02-17T12:00:00,0.004128,0.004678,0.003905,0.004391
2026-02-17T16:00:00,0.005173,0.007593,0.002979,0.004773
2026-02-17T20:00:00,0.004773,0.005462,0.004773,0.005395
2026-02-18T00:00:00,0.005401,0.005401,0.003024,0.003096
2026-02-18T04:00:00,0.003096,0.003096,0.00177,0.001974
2026-02-18T08:00:00,0.001974,0.004143,0.000781,0.002922
2026-02-18T12:00:00,0.002922,0.003648,0.002551,0.003648
2026-02-18T16:00:00,0.004952,0.005749,-0.004083,0.004011
2026-02-18T20:00:00,0.002745,0.002846,0.001242,0.001362
2026-02-19T00:00:00,0.001672,0.002167,9.9e-05,0.002167
2026-02-19T04:00:00,0.002167,0.004646,0.002167,0.004546
2026-02-19T08:00:00,0.004546,0.00508,0.002323,0.004148
2026-02-19T12:00:00,0.003954,0.00397,0.001438,0.001487
2026-02-19T16:00:00,0.001389,0.004569,-0.002453,0.004569
2026-02-19T20:00:00,0.005361,0.00694,0.005361,0.006791
2026-02-20T00:00:00,0.006791,0.006791,0.005719,0.005976
2026-02-20T04:00:00,0.005976,0.006518,0.005637,0.005637
2026-02-20T08:00:00,0.005637,0.005637,5.1e-05,6.2e-05
2026-02-20T12:00:00,0.000208,0.00347,-0.00031,0.00347
2026-02-20T16:00:00,0.004017,0.006243,-0.003957,0.006066
2026-02-20T20:00:00,0.006066,0.006297,0.005665,0.005796
2026-02-21T00:00:00,0.005559,0.005614,0.004067,0.005614
2026-02-21T04:00:00,0.005614,0.006376,0.005345,0.005345
2026-02-21T08:00:00,0.005345,0.005345,0.001973,0.003278
2026-02-21T12:00:00,0.003278,0.004346,0.003197,0.003735
2026-02-21T16:00:00,0.003735,0.003735,-0.003371,0.001859
2026-02-21T20:00:00,0.001369,0.001717,0.000897,0.001328
2026-02-22T00:00:00,0.00137,0.002298,0.00015,0.0008
2026-02-22T04:00:00,0.0008,0.002587,0.0008,0.002587
2026-02-22T08:00:00,0.002587,0.00438,0.00233,0.003779
2026-02-22T12:00:00,0.003779,0.006345,0.003385,0.006341
2026-02-22T16:00:00,0.006341,0.007271,0.005438,0.007271
2026-02-22T20:00:00,0.007282,0.007649,0.006068,0.006091
2026-02-23T00:00:00,0.006091,0.006091,-0.004197,-0.004197
2026-02-23T04:00:00,-0.004197,-0.00392,-0.004926,-0.003972
2026-02-23T08:00:00,-0.004223,-0.003092,-0.006394,-0.003112
2026-02-23T12:00:00,-0.002294,0.001037,-0.002892,0.001037
2026-02-23T16:00:00,0.001037,0.005155,-0.000403,0.004236
2026-02-23T20:00:00,0.004994,0.006839,0.004994,0.005853
2026-02-24T00:00:00,0.005853,0.005853,0.003435,0.004626
2026-02-24T04:00:00,0.004626,0.004937,0.000542,0.000542
2026-02-24T08:00:00,0.000542,0.002126,-0.006291,-0.001059
2026-02-24T12:00:00,0.000478,0.003088,0.000375,0.002996
2026-02-24T16:00:00,0.002467,0.002467,-0.004186,-0.000326
2026-02-24T20:00:00,-0.000618,-0.000334,-0.002245,-0.000663
2026-02-25T00:00:00,-0.000663,0.003126,-0.003077,0.002923
2026-02-25T04:00:00,0.002913,0.003595,0.002787,0.00292
2026-02-25T08:00:00,0.003205,0.003744,0.000311,0.000311
2026-02-25T12:00:00,4.8e-05,0.001098,-0.0001,0.001098
2026-02-25T16:00:00,0.000491,0.001261,-0.004435,-0.002631
2026-02-25T20:00:00,-0.002631,0.000893,-0.002631,0.000893
2026-02-26T00:00:00,0.000893,0.003141,-0.000129,0.003141
2026-02-26T04:00:00,0.003141,0.004085,0.002297,0.002392
2026-02-26T08:00:00,0.003182,0.004276,0.002268,0.0026
2026-02-26T12:00:00,0.00248,0.003444,0.001897,0.003344
2026-02-26T16:00:00,0.003663,0.004826,0.000977,0.001563
2026-02-26T20:00:00,0.00284,0.003611,0.001768,0.001768
2026-02-27T00:00:00,0.001768,0.001768,-0.001096,-0.00064
2026-02-27T04:00:00,-0.00064,-0.000187,-0.002005,-0.002005
2026-02-27T08:00:00,-0.002005,4.8e-05,-0.009796,-0.000148
2026-02-27T12:00:00,-0.000148,0.001938,-0.000148,0.001938
2026-02-27T16:00:00,0.001938,0.003206,0.001321,0.002497
2026-02-27T20:00:00,0.002497,0.003225,0.002342,0.002424
2026-02-28T00:00:00,0.002058,0.002541,-0.000596,-6.3e-05
2026-02-28T04:00:00,-0.000753,0.00025,-0.00143,-0.001425
2026-02-28T08:00:00,-0.002878,-0.001871,-0.00904,-0.007684
2026-02-28T12:00:00,-0.007684,-0.003132,-0.008258,-0.003132
2026-02-28T16:00:00,-0.003132,-3.8e-05,-0.004066,-0.000193
2026-02-28T20:00:00,-0.000193,0.000426,-0.000732,0.000144
2026-03-01T00:00:00,-0.000326,0.002317,-0.000839,0.002255
2026-03-01T04:00:00,0.002502,0.003769,0.001781,0.003769
2026-03-01T08:00:00,0.003769,0.004591,0.001945,0.003855
2026-03-01T12:00:00,0.003855,0.005511,0.003855,0.004379
2026-03-01T16:00:00,0.004379,0.004579,0.000945,0.002808
2026-03-01T20:00:00,0.002808,0.002808,-0.000457,0.001119
2026-03-02T00:00:00,0.001119,0.003196,-0.001434,0.00043
2026-03-02T04:00:00,0.000325,0.001366,8.6e-05,0.001334
2026-03-02T08:00:00,0.001334,0.002719,-0.003158,0.001314
2026-03-02T12:00:00,0.001775,0.002326,0.000127,0.000137
2026-03-02T16:00:00,0.000137,0.001209,-0.004201,-0.000133
2026-03-02T20:00:00,-0.000133,7.6e-05,-0.002418,-0.001144
2026-03-03T00:00:00,-0.001144,0.001272,-0.002603,0.001272
2026-03-03T04:00:00,0.001272,0.00271,0.000772,0.00271
2026-03-03T08:00:00,0.00271,0.005003,-5.7e-05,0.002717
2026-03-03T12:00:00,0.002717,0.00345,0.002659,0.002987
2026-03-03T16:00:00,0.002987,0.002987,-0.008624,-0.000571
2026-03-03T20:00:00,-0.000571,-0.000571,-0.002702,-0.001281
2026-03-04T00:00:00,-0.001281,0.002506,-0.001384,0.00223
2026-03-04T04:00:00,0.00223,0.002895,0.001769,0.002895
2026-03-04T08:00:00,0.002895,0.005417,-0.000842,0.00313
2026-03-04T12:00:00,0.004206,0.005468,0.002717,0.002717
2026-03-04T16:00:00,0.002717,0.002912,-0.009056,-0.009031
2026-03-04T20:00:00,-0.007484,-0.003136,-0.008904,-0.003136
2026-03-05T00:00:00,-0.003136,-3.2e-05,-0.003898,-0.00038
2026-03-05T04:00:00,-0.00038,0.001936,-0.000916,0.001936
2026-03-05T08:00:00,0.001936,0.00353,-0.001953,0.002423
2026-03-05T12:00:00,0.002423,0.00279,-0.000255,0.000651
2026-03-05T16:00:00,0.000651,0.004431,-0.004301,0.004428
2026-03-05T20:00:00,0.004428,0.005585,0.004133,0.004133
2026-03-06T00:00:00,0.003327,0.003718,-0.000194,-0.000194
2026-03-06T04:00:00,-0.000847,0.000812,-0.00096,0.000796
2026-03-06T08:00:00,0.001359,0.002733,0.000388,0.002733
2026-03-06T12:00:00,0.002733,0.00421,0.001924,0.001995
2026-03-06T16:00:00,0.001995,0.003284,-0.00225,0.001388
2026-03-06T20:00:00,0.001388,0.002173,0.001388,0.002137
2026-03-07T00:00:00,0.000966,0.001259,-0.000487,0.001255
2026-03-07T04:00:00,0.001255,0.002905,0.001042,0.002444
2026-03-07T08:00:00,0.002444,0.002876,-0.001285,0.000984
2026-03-07T12:00:00,0.000984,0.001244,-0.000771,-0.000131
2026-03-07T16:00:00,-0.000131,0.000914,-0.002198,-0.000277
2026-03-07T20:00:00,-0.000277,-0.000184,-0.001943,-0.001903
2026-03-08T00:00:00,-0.001539,0.000245,-0.001964,-0.000675
2026-03-08T04:00:00,-0.000675,0.00069,-0.000699,0.00069
2026-03-08T08:00:00,0.000256,0.000531,-0.002168,-0.000897
2026-03-08T12:00:00,-0.000897,0.000122,-0.000952,-0.000233
2026-03-08T16:00:00,-0.000233,0.000728,-0.003783,-0.000563
2026-03-08T20:00:00,-0.000563,0.00011,-0.00116,-0.000914
2026-03-09T00:00:00,-0.000914,-1.2e-05,-0.003131,-0.002018
2026-03-09T04:00:00,-0.000942,5e-05,-0.002138,-0.00158
2026-03-09T08:00:00,-0.001463,-0.001164,-0.005986,-0.002464
2026-03-09T12:00:00,-0.001932,0.000266,-0.002278,-0.002011
2026-03-09T16:00:00,-0.002011,-0.001196,-0.004736,-0.002241
2026-03-09T20:00:00,-0.002241,-0.001642,-0.004784,-0.003025
2026-03-10T00:00:00,-0.003025,0.001769,-0.003025,0.00145
2026-03-10T04:00:00,0.00145,0.002686,0.001209,0.002372
2026-03-10T08:00:00,0.00308,0.005067,-0.000873,-0.000347
2026-03-10T12:00:00,-0.000602,0.000544,-0.000958,0.000544
2026-03-10T16:00:00,0.000579,0.003307,-0.003473,-0.003305
2026-03-10T20:00:00,-0.003846,-0.003389,-0.006733,-0.0064
2026-03-11T00:00:00,-0.006372,-0.004796,-0.00723,-0.005805
2026-03-11T04:00:00,-0.004307,-0.002453,-0.004439,-0.002455
2026-03-11T08:00:00,-0.001621,0.001295,-0.001621,0.001295
2026-03-11T12:00:00,0.001318,0.002009,-0.002001,-0.002001
2026-03-11T16:00:00,-0.003568,-0.002015,-0.007756,-0.002636
2026-03-11T20:00:00,-0.003192,-0.003192,-0.005748,-0.005694
2026-03-12T00:00:00,-0.006259,-0.005352,-0.006758,-0.00629
2026-03-12T04:00:00,-0.006229,-0.002192,-0.006565,-0.002192
2026-03-12T08:00:00,-0.00096,0.00222,-0.004192,-0.002615
2026-03-12T12:00:00,-0.004283,-0.001896,-0.004975,-0.003618
2026-03-12T16:00:00,-0.004656,-0.004656,-0.010081,-0.007152
2026-03-12T20:00:00,-0.005578,-0.002852,-0.005817,-0.002852
2026-03-13T00:00:00,-0.002028,0.001091,-0.003311,-0.000131
2026-03-13T04:00:00,0.001034,0.002203,0.00099,0.002203
2026-03-13T08:00:00,0.00294,0.003645,0.001478,0.001543
2026-03-13T12:00:00,0.000367,0.000439,-0.00187,-0.001847
2026-03-13T16:00:00,-0.000728,0.001867,-0.007243,-0.000338
2026-03-13T20:00:00,-0.000291,0.000532,-0.001235,0.000522
2026-03-14T00:00:00,0.000522,0.001813,-0.002252,0.000194
2026-03-14T04:00:00,0.000194,0.000445,-0.000868,-0.000807
2026-03-14T08:00:00,-0.000938,-6.9e-05,-0.002242,-0.000273
2026-03-14T12:00:00,-0.000273,-6e-05,-0.004075,-0.004075
2026-03-14T16:00:00,-0.004134,-0.001518,-0.004134,-0.00178
2026-03-14T20:00:00,-0.001407,-0.000556,-0.001692,-0.001161
2026-03-15T00:00:00,-0.001161,-0.001135,-0.003097,-0.002344
2026-03-15T04:00:00,-0.003734,-0.003636,-0.004544,-0.004132
2026-03-15T08:00:00,-0.002906,-0.000656,-0.00508,-0.00508
2026-03-15T12:00:00,-0.003898,0.000444,-0.003898,0.000444
2026-03-15T16:00:00,0.001262,0.002429,-0.000267,-0.000267
2026-03-15T20:00:00,-0.000267,0.000357,-0.00111,0.000357
2026-03-16T00:00:00,0.001224,0.002591,-0.000284,0.001975
2026-03-16T04:00:00,0.003173,0.003173,0.001502,0.002022
2026-03-16T08:00:00,0.002388,0.006672,0.002001,0.003277
2026-03-16T12:00:00,0.001813,0.001813,-5.8e-05,-5.7e-05
2026-03-16T16:00:00,-0.000974,0.001756,-0.001435,0.00163
2026-03-16T20:00:00,0.00197,0.002408,0.001404,0.001644
2026-03-17T00:00:00,0.001052,0.003184,0.001052,0.001693
2026-03-17T04:00:00,0.001975,0.002729,0.001378,0.001817
2026-03-17T08:00:00,0.001273,0.002486,-0.002801,-0.000724
2026-03-17T12:00:00,4.8e-05,0.00159,-0.000243,0.000713
2026-03-17T16:00:00,-0.00055,0.000849,-0.00208,-0.00208
2026-03-17T20:00:00,-0.003036,-0.0021,-0.003721,-0.002807
2026-03-18T00:00:00,-0.003397,-0.002495,-0.004813,-0.00262
2026-03-18T04:00:00,-0.00262,-0.000691,-0.00262,-0.000792
2026-03-18T08:00:00,-0.001247,0.000311,-0.005034,-0.004422
2026-03-18T12:00:00,-0.005153,9.1e-05,-0.005664,9.1e-05
2026-03-18T16:00:00,0.002098,0.005589,0.002098,0.002363
2026-03-18T20:00:00,0.002363,0.002363,0.000929,0.001449
2026-03-19T00:00:00,0.001507,0.002667,0.000256,0.001964
2026-03-19T04:00:00,0.001089,0.002111,0.001089,0.001997
2026-03-19T08:00:00,1.1e-05,1.1e-05,-0.006224,-0.002366
2026-03-19T12:00:00,-0.001707,0.002409,-0.002638,0.002409
2026-03-19T16:00:00,0.002759,0.003895,0.00065,0.001843
2026-03-19T20:00:00,0.001773,0.001858,0.000667,0.001095
2026-03-20T00:00:00,0.001686,0.003061,0.000285,0.000807
2026-03-20T04:00:00,0.000809,0.001936,0.00034,0.001872
2026-03-20T08:00:00,0.001872,0.002415,-0.000673,0.000499
2026-03-20T12:00:00,0.000155,0.001967,-0.000271,0.001963
2026-03-20T16:00:00,0.003147,0.005081,0.002857,0.004006
2026-03-20T20:00:00,0.004091,0.004172,0.001227,0.001745
2026-03-21T00:00:00,0.001745,0.002708,0.000434,0.001903
2026-03-21T04:00:00,0.001903,0.002263,-0.000475,0.000233
2026-03-21T08:00:00,0.000233,0.00221,-0.000224,0.001555
2026-03-21T12:00:00,0.001734,0.001743,-0.000218,0.000588
2026-03-21T16:00:00,0.000588,0.001799,-0.00082,0.000174
2026-03-21T20:00:00,0.001078,0.00211,0.00071,0.000869
2026-03-22T00:00:00,-0.000133,-0.000133,-0.005408,-0.005378
2026-03-22T04:00:00,-0.00563,-0.003841,-0.005785,-0.003841
2026-03-22T08:00:00,-0.003389,-0.000741,-0.008458,-0.004877
2026-03-22T12:00:00,-0.004877,-0.003001,-0.005257,-0.003101
2026-03-22T16:00:00,-0.002458,-0.000592,-0.005248,-0.000861
2026-03-22T20:00:00,-0.001291,-0.000467,-0.00214,-0.000473
2026-03-23T00:00:00,8e-05,0.001928,-0.000734,0.000429
2026-03-23T04:00:00,-0.000395,0.001026,-0.000642,-7.3e-05
2026-03-23T08:00:00,3.2e-05,0.003664,3.2e-05,0.002944
2026-03-23T12:00:00,0.002944,0.002944,-0.000409,-0.000277
2026-03-23T16:00:00,-0.000685,0.004608,-0.000685,0.003624
2026-03-23T20:00:00,0.002493,0.002644,0.000717,0.001439
2026-03-24T00:00:00,0.002096,0.002911,-0.000367,0.00211
2026-03-24T04:00:00,0.002539,0.004432,0.002189,0.004432
2026-03-24T08:00:00,0.004432,0.005047,0.001914,0.004154
2026-03-24T12:00:00,0.003079,0.004925,0.001699,0.004913
2026-03-24T16:00:00,0.004913,0.005981,0.003535,0.005256
2026-03-24T20:00:00,0.005256,0.005784,0.005223,0.005367
2026-03-25T00:00:00,0.004982,0.005345,0.003403,0.005069
2026-03-25T04:00:00,0.005069,0.005246,0.00437,0.00437
2026-03-25T08:00:00,0.003988,0.004484,0.001198,0.001434
2026-03-25T12:00:00,0.001173,0.002582,0.000504,0.002335
2026-03-25T16:00:00,0.002335,0.005206,0.001958,0.004767
2026-03-25T20:00:00,0.00524,0.00531,0.001954,0.002189
2026-03-26T00:00:00,0.002189,0.002838,0.001382,0.002229
2026-03-26T04:00:00,0.00278,0.00436,0.0023,0.004334
2026-03-26T08:00:00,0.004124,0.004816,0.001579,0.002067
2026-03-26T12:00:00,0.000621,0.002902,-0.0003,0.002902
2026-03-26T16:00:00,0.002902,0.005715,0.001021,0.005406
2026-03-26T20:00:00,0.005568,0.006398,0.005552,0.005993
2026-03-27T00:00:00,0.006067,0.006196,0.004082,0.004115
2026-03-27T04:00:00,0.003174,0.003174,0.000848,0.000987
2026-03-27T08:00:00,0.001008,0.001741,-0.001618,-0.001618
2026-03-27T12:00:00,-0.002419,-0.002419,-0.003421,-0.002467
2026-03-27T16:00:00,-0.000196,0.003512,-0.007483,0.003512
2026-03-27T20:00:00,0.004204,0.004361,0.002738,0.002738
2026-03-28T00:00:00,0.001832,0.001832,-0.001527,-0.001182
2026-03-28T04:00:00,-0.001182,-0.000445,-0.00173,-0.000488
2026-03-28T08:00:00,-0.000923,-9.4e-05,-0.003662,-0.002544
2026-03-28T12:00:00,-0.002151,-0.000707,-0.002328,-0.000707
2026-03-28T16:00:00,0.000534,0.001378,-0.001881,0.000846
2026-03-28T20:00:00,0.000189,0.000393,-0.001158,-0.001055
2026-03-29T00:00:00,-0.001087,0.000162,-0.001891,-0.001276
2026-03-29T04:00:00,-0.00098,0.000282,-0.001108,0.000282
2026-03-29T08:00:00,0.000498,0.001307,-0.001258,0.000164
2026-03-29T12:00:00,0.00105,0.002629,0.000632,0.002629
2026-03-29T16:00:00,0.002658,0.004502,0.001263,0.003437
2026-03-29T20:00:00,0.003437,0.004204,0.003059,0.003368
2026-03-30T00:00:00,0.001454,0.003123,0.000499,0.002312
2026-03-30T04:00:00,0.002312,0.002864,0.002205,0.002817
2026-03-30T08:00:00,0.003233,0.004325,0.000665,0.001416
2026-03-30T12:00:00,0.001724,0.001724,-0.000612,-1e-06
2026-03-30T16:00:00,0.00091,0.003848,-0.001339,0.003765
2026-03-30T20:00:00,0.003549,0.003919,0.001573,0.001687
2026-03-31T00:00:00,0.001687,0.002187,0.0001,0.002159
2026-03-31T04:00:00,0.002159,0.003004,0.001322,0.003004
2026-03-31T08:00:00,0.003763,0.005102,0.001538,0.003955
2026-03-31T12:00:00,0.003061,0.003242,0.002254,0.002274
2026-03-31T16:00:00,0.002025,0.003159,0.000462,0.000462
2026-03-31T20:00:00,0.000462,0.00114,0.000113,0.000216
2026-04-01T00:00:00,0.000216,0.000216,-0.003394,-0.001727
2026-04-01T04:00:00,-0.001727,0.00124,-0.001727,0.00124
2026-04-01T08:00:00,0.00124,0.003113,0.000642,0.003113
2026-04-01T12:00:00,0.00279,0.00279,0.001541,0.001591
2026-04-01T16:00:00,0.001083,0.001566,-0.003312,0.001566
2026-04-01T20:00:00,0.001566,0.002001,0.000902,0.001573
2026-04-02T00:00:00,0.001883,0.004098,-0.001035,-0.000996
2026-04-02T04:00:00,-0.000996,0.001512,-0.001464,0.000821
2026-04-02T08:00:00,0.000821,0.000821,-0.008069,-0.001779
2026-04-02T12:00:00,-0.002376,-0.002247,-0.004065,-0.003635
2026-04-02T16:00:00,-0.003635,-0.003594,-0.007287,-0.003594
2026-04-02T20:00:00,-0.003706,-0.000881,-0.004367,-0.000881
2026-04-03T00:00:00,-0.000259,0.000579,-0.00194,0.000262
2026-04-03T04:00:00,0.000516,0.001186,-0.000367,0.000846
2026-04-03T08:00:00,0.000846,0.002466,-0.00094,0.00227
2026-04-03T12:00:00,0.001516,0.002256,0.00049,0.00156
2026-04-03T16:00:00,0.001391,0.002796,-0.000928,-0.000906
2026-04-03T20:00:00,-5e-05,0.001498,-5e-05,0.001267
2026-04-04T00:00:00,0.001455,0.002141,-0.001196,0.002141
2026-04-04T04:00:00,0.002856,0.004424,0.002759,0.003271
2026-04-04T08:00:00,0.003271,0.003674,0.000582,0.000767
