timestamp,long_percent,short_percent,ratio
2020-05-16T00:00:00,53.19,46.81,1.14
2020-05-17T00:00:00,52.1,47.9,1.09
2020-05-18T00:00:00,52.65,47.35,1.11
2020-05-19T00:00:00,52.81,47.19,1.12
2020-05-20T00:00:00,53.05,46.95,1.13
2020-05-21T00:00:00,51.97,48.03,1.08
2020-05-22T00:00:00,52.16,47.84,1.09
2020-05-23T00:00:00,51.83,48.17,1.08
2020-05-24T00:00:00,52.38,47.62,1.1
2020-05-25T00:00:00,52.11,47.89,1.09
2020-05-26T00:00:00,51.65,48.35,1.07
2020-05-27T00:00:00,52.23,47.77,1.09
2020-05-28T00:00:00,51.87,48.13,1.08
2020-05-29T00:00:00,51.87,48.13,1.08
2020-05-30T00:00:00,52.61,47.39,1.11
2020-05-31T00:00:00,52.54,47.46,1.11
2020-06-01T00:00:00,52.92,47.08,1.12
2020-06-02T00:00:00,54.29,45.71,1.19
2020-06-03T00:00:00,53.73,46.27,1.16
2020-06-04T00:00:00,52.97,47.03,1.13
2020-06-05T00:00:00,53.21,46.79,1.14
2020-06-06T00:00:00,52.94,47.06,1.13
2020-06-07T00:00:00,52.94,47.06,1.13
2020-06-08T00:00:00,52.88,47.12,1.12
2020-06-09T00:00:00,53.13,46.87,1.13
2020-06-10T00:00:00,53.42,46.58,1.15
2020-06-11T00:00:00,53.38,46.62,1.15
2020-06-12T00:00:00,52.6,47.4,1.11
2020-06-13T00:00:00,51.79,48.21,1.07
2020-06-14T00:00:00,51.9,48.1,1.08
2020-06-15T00:00:00,51.86,48.14,1.08
2020-06-16T00:00:00,52.23,47.77,1.09
2020-06-17T00:00:00,52.37,47.63,1.1
2020-06-18T00:00:00,52.37,47.63,1.1
2020-06-19T00:00:00,51.63,48.37,1.07
2020-06-20T00:00:00,51.83,48.17,1.08
2020-06-21T00:00:00,51.83,48.17,1.08
2020-06-22T00:00:00,51.81,48.19,1.08
2020-06-23T00:00:00,51.94,48.06,1.08
2020-06-24T00:00:00,53.46,46.54,1.15
2020-06-25T00:00:00,52.21,47.79,1.09
2020-06-26T00:00:00,51.76,48.24,1.07
2020-06-27T00:00:00,52.17,47.83,1.09
2020-06-28T00:00:00,51.45,48.55,1.06
2020-06-29T00:00:00,51.75,48.25,1.07
2020-06-30T00:00:00,51.71,48.29,1.07
2020-07-01T00:00:00,52.16,47.84,1.09
2020-07-02T00:00:00,51.71,48.29,1.07
2020-07-03T00:00:00,52.45,47.55,1.1
2020-07-04T00:00:00,52.18,47.82,1.09
2020-07-05T00:00:00,52.39,47.61,1.1
2020-07-06T00:00:00,52.2,47.8,1.09
2020-07-07T00:00:00,51.99,48.01,1.08
2020-07-08T00:00:00,51.92,48.08,1.08
2020-07-09T00:00:00,51.72,48.28,1.07
2020-07-10T00:00:00,52.67,47.33,1.11
2020-07-11T00:00:00,52.36,47.64,1.1
2020-07-12T00:00:00,52.29,47.71,1.1
2020-07-13T00:00:00,52.28,47.72,1.1
2020-07-14T00:00:00,52.45,47.55,1.1
2020-07-15T00:00:00,52.38,47.62,1.1
2020-07-16T00:00:00,52.38,47.62,1.1
2020-07-17T00:00:00,52.5,47.5,1.11
2020-07-18T00:00:00,51.97,48.03,1.08
2020-07-19T00:00:00,52.16,47.84,1.09
2020-07-20T00:00:00,52.49,47.51,1.11
2020-07-21T00:00:00,52.38,47.62,1.1
2020-07-22T00:00:00,51.55,48.45,1.06
2020-07-23T00:00:00,52.01,47.99,1.08
2020-07-24T00:00:00,52.93,47.07,1.12
2020-07-25T00:00:00,52.57,47.43,1.11
2020-07-26T00:00:00,52.38,47.62,1.1
2020-07-27T00:00:00,54.28,45.72,1.19
2020-07-28T00:00:00,56.27,43.73,1.29
2020-07-29T00:00:00,58.32,41.68,1.4
2020-07-30T00:00:00,57.47,42.53,1.35
2020-07-31T00:00:00,57.47,42.53,1.35
2020-08-01T00:00:00,55.95,44.05,1.27
2020-08-02T00:00:00,55.95,44.05,1.27
2020-08-03T00:00:00,57.7,42.3,1.36
2020-08-04T00:00:00,56.58,43.42,1.3
2020-08-05T00:00:00,56.03,43.97,1.27
2020-08-06T00:00:00,55.39,44.61,1.24
2020-08-07T00:00:00,55.05,44.95,1.23
2020-08-08T00:00:00,54.2,45.8,1.18
2020-08-09T00:00:00,55.41,44.59,1.24
2020-08-10T00:00:00,55.05,44.95,1.23
2020-08-11T00:00:00,55.56,44.44,1.25
2020-08-12T00:00:00,55.56,44.44,1.25
2020-08-13T00:00:00,54.31,45.69,1.19
2020-08-14T00:00:00,55.43,44.57,1.24
2020-08-15T00:00:00,54.66,45.34,1.21
2020-08-16T00:00:00,54.66,45.34,1.21
2020-08-17T00:00:00,53.89,46.11,1.17
2020-08-18T00:00:00,54.22,45.78,1.18
2020-08-19T00:00:00,55.2,44.8,1.23
2020-08-20T00:00:00,54.93,45.07,1.22
2020-08-21T00:00:00,54.93,45.07,1.22
2020-08-22T00:00:00,54.98,45.02,1.22
2020-08-23T00:00:00,54.9,45.1,1.22
2020-08-24T00:00:00,55.11,44.89,1.23
2020-08-25T00:00:00,54.65,45.35,1.21
2020-08-26T00:00:00,55.43,44.57,1.24
2020-08-27T00:00:00,55.52,44.48,1.25
2020-08-28T00:00:00,54.95,45.05,1.22
2020-08-29T00:00:00,54.95,45.05,1.22
2020-08-30T00:00:00,54.24,45.76,1.19
2020-08-31T00:00:00,54.24,45.76,1.19
2020-09-01T00:00:00,55.16,44.84,1.23
2020-09-02T00:00:00,55.47,44.53,1.25
2020-09-03T00:00:00,56.05,43.95,1.28
2020-09-04T00:00:00,56.05,43.95,1.28
2020-09-05T00:00:00,55.43,44.57,1.24
2020-09-06T00:00:00,55.83,44.17,1.26
2020-09-07T00:00:00,55.83,44.17,1.26
2020-09-08T00:00:00,55.95,44.05,1.27
2020-09-09T00:00:00,55.54,44.46,1.25
2020-09-10T00:00:00,54.7,45.3,1.21
2020-09-11T00:00:00,54.56,45.44,1.2
2020-09-12T00:00:00,55.0,45.0,1.22
2020-09-13T00:00:00,54.31,45.69,1.19
2020-09-14T00:00:00,53.55,46.45,1.15
2020-09-15T00:00:00,52.53,47.47,1.11
2020-09-16T00:00:00,52.85,47.15,1.12
2020-09-17T00:00:00,52.93,47.07,1.12
2020-09-18T00:00:00,53.35,46.65,1.14
2020-09-19T00:00:00,52.73,47.27,1.12
2020-09-20T00:00:00,52.64,47.36,1.11
2020-09-21T00:00:00,52.81,47.19,1.12
2020-09-22T00:00:00,53.61,46.39,1.16
2020-09-23T00:00:00,53.49,46.51,1.15
2020-09-24T00:00:00,52.66,47.34,1.11
2020-09-25T00:00:00,52.66,47.34,1.11
2020-09-26T00:00:00,53.05,46.95,1.13
2020-09-27T00:00:00,53.07,46.93,1.13
2020-09-28T00:00:00,53.07,46.93,1.13
2020-09-29T00:00:00,53.43,46.57,1.15
2020-09-30T00:00:00,53.43,46.57,1.15
2020-10-01T00:00:00,52.81,47.19,1.12
2020-10-02T00:00:00,52.81,47.19,1.12
2020-10-03T00:00:00,52.81,47.19,1.12
2020-10-04T00:00:00,52.15,47.85,1.09
2020-10-05T00:00:00,52.15,47.85,1.09
2020-10-06T00:00:00,51.67,48.33,1.07
2020-10-07T00:00:00,51.67,48.33,1.07
2020-10-08T00:00:00,52.11,47.89,1.09
2020-10-09T00:00:00,52.11,47.89,1.09
2020-10-10T00:00:00,53.94,46.06,1.17
2020-10-11T00:00:00,55.08,44.92,1.23
2020-10-12T00:00:00,54.7,45.3,1.21
2020-10-13T00:00:00,54.7,45.3,1.21
2020-10-14T00:00:00,54.32,45.68,1.19
2020-10-15T00:00:00,54.32,45.68,1.19
2020-10-16T00:00:00,53.37,46.63,1.15
2020-10-17T00:00:00,54.5,45.5,1.2
2020-10-18T00:00:00,53.35,46.65,1.14
2020-10-19T00:00:00,52.91,47.09,1.12
2020-10-20T00:00:00,52.6,47.4,1.11
2020-10-21T00:00:00,51.74,48.26,1.07
2020-10-22T00:00:00,54.12,45.88,1.18
2020-10-23T00:00:00,54.12,45.88,1.18
2020-10-24T00:00:00,54.39,45.61,1.19
2020-10-25T00:00:00,53.79,46.21,1.16
2020-10-26T00:00:00,53.79,46.21,1.16
2020-10-27T00:00:00,51.38,48.62,1.06
2020-10-28T00:00:00,51.96,48.04,1.08
2020-10-29T00:00:00,50.9,49.1,1.04
2020-10-30T00:00:00,51.12,48.88,1.05
2020-10-31T00:00:00,51.09,48.91,1.05
2020-11-01T00:00:00,51.09,48.91,1.05
2020-11-02T00:00:00,51.68,48.32,1.07
2020-11-03T00:00:00,51.68,48.32,1.07
2020-11-04T00:00:00,51.42,48.58,1.06
2020-11-05T00:00:00,51.97,48.03,1.08
2020-11-06T00:00:00,54.41,45.59,1.19
2020-11-07T00:00:00,56.42,43.58,1.3
2020-11-08T00:00:00,55.25,44.75,1.24
2020-11-09T00:00:00,54.4,45.6,1.19
2020-11-10T00:00:00,53.56,46.44,1.15
2020-11-11T00:00:00,53.81,46.19,1.17
2020-11-12T00:00:00,54.48,45.52,1.2
2020-11-13T00:00:00,53.19,46.81,1.14
2020-11-14T00:00:00,52.98,47.02,1.13
2020-11-15T00:00:00,52.84,47.16,1.12
2020-11-16T00:00:00,52.93,47.07,1.12
2020-11-17T00:00:00,52.55,47.45,1.11
2020-11-18T00:00:00,54.07,45.93,1.18
2020-11-19T00:00:00,56.63,43.37,1.31
2020-11-20T00:00:00,56.63,43.37,1.31
2020-11-21T00:00:00,55.02,44.98,1.22
2020-11-22T00:00:00,55.91,44.09,1.27
2020-11-23T00:00:00,56.02,43.98,1.27
2020-11-24T00:00:00,56.02,43.98,1.27
2020-11-25T00:00:00,56.48,43.52,1.3
2020-11-26T00:00:00,55.65,44.35,1.26
2020-11-27T00:00:00,55.6,44.4,1.25
2020-11-28T00:00:00,52.5,47.5,1.11
2020-11-29T00:00:00,53.2,46.8,1.14
2020-11-30T00:00:00,53.69,46.31,1.16
2020-12-01T00:00:00,54.98,45.02,1.22
2020-12-02T00:00:00,56.19,43.81,1.28
2020-12-03T00:00:00,55.36,44.64,1.24
2020-12-04T00:00:00,55.75,44.25,1.26
2020-12-05T00:00:00,54.26,45.74,1.19
2020-12-06T00:00:00,54.83,45.17,1.21
2020-12-07T00:00:00,55.27,44.73,1.24
2020-12-08T00:00:00,54.81,45.19,1.21
2020-12-09T00:00:00,54.13,45.87,1.18
2020-12-10T00:00:00,51.51,48.49,1.06
2020-12-11T00:00:00,53.18,46.82,1.14
2020-12-12T00:00:00,52.69,47.31,1.11
2020-12-13T00:00:00,51.48,48.52,1.06
2020-12-14T00:00:00,51.88,48.12,1.08
2020-12-15T00:00:00,51.59,48.41,1.07
2020-12-16T00:00:00,51.7,48.3,1.07
2020-12-17T00:00:00,54.84,45.16,1.21
2020-12-18T00:00:00,55.82,44.18,1.26
2020-12-19T00:00:00,55.33,44.67,1.24
2020-12-20T00:00:00,55.98,44.02,1.27
2020-12-21T00:00:00,54.93,45.07,1.22
2020-12-22T00:00:00,55.14,44.86,1.23
2020-12-23T00:00:00,54.96,45.04,1.22
2020-12-24T00:00:00,51.31,48.69,1.05
2020-12-25T00:00:00,53.41,46.59,1.15
2020-12-26T00:00:00,54.88,45.12,1.22
2020-12-27T00:00:00,55.06,44.94,1.23
2020-12-28T00:00:00,54.66,45.34,1.21
2020-12-29T00:00:00,54.26,45.74,1.19
2020-12-30T00:00:00,54.95,45.05,1.22
2020-12-31T00:00:00,54.28,45.72,1.19
2021-01-01T00:00:00,54.97,45.03,1.22
2021-01-02T00:00:00,54.24,45.76,1.19
2021-01-03T00:00:00,54.54,45.46,1.2
2021-01-04T00:00:00,54.6,45.4,1.2
2021-01-05T00:00:00,54.9,45.1,1.22
2021-01-06T00:00:00,55.82,44.18,1.26
2021-01-07T00:00:00,54.34,45.66,1.19
2021-01-08T00:00:00,54.39,45.61,1.19
2021-01-09T00:00:00,59.58,40.42,1.47
2021-01-10T00:00:00,57.93,42.07,1.38
2021-01-11T00:00:00,60.21,39.79,1.51
2021-01-12T00:00:00,56.2,43.8,1.28
2021-01-13T00:00:00,56.27,43.73,1.29
2021-01-14T00:00:00,52.41,47.59,1.1
2021-01-15T00:00:00,53.56,46.44,1.15
2021-01-16T00:00:00,52.69,47.31,1.11
2021-01-17T00:00:00,52.66,47.34,1.11
2021-01-18T00:00:00,54.06,45.94,1.18
2021-01-19T00:00:00,53.98,46.02,1.17
2021-01-20T00:00:00,53.57,46.43,1.15
2021-01-21T00:00:00,54.12,45.88,1.18
2021-01-22T00:00:00,51.21,48.79,1.05
2021-01-23T00:00:00,50.39,49.61,1.02
2021-01-24T00:00:00,50.32,49.68,1.01
2021-01-25T00:00:00,50.35,49.65,1.01
2021-01-26T00:00:00,51.9,48.1,1.08
2021-01-27T00:00:00,53.62,46.38,1.16
2021-01-28T00:00:00,53.58,46.42,1.15
2021-01-29T00:00:00,52.46,47.54,1.1
2021-01-30T00:00:00,55.8,44.2,1.26
2021-01-31T00:00:00,56.77,43.23,1.31
2021-02-01T00:00:00,55.11,44.89,1.23
2021-02-02T00:00:00,56.73,43.27,1.31
2021-02-03T00:00:00,57.49,42.51,1.35
2021-02-04T00:00:00,58.33,41.67,1.4
2021-02-05T00:00:00,58.37,41.63,1.4
2021-02-06T00:00:00,56.85,43.15,1.32
2021-02-07T00:00:00,58.26,41.74,1.4
2021-02-08T00:00:00,56.67,43.33,1.31
2021-02-09T00:00:00,58.69,41.31,1.42
2021-02-10T00:00:00,58.23,41.77,1.39
2021-02-11T00:00:00,57.9,42.1,1.38
2021-02-12T00:00:00,58.64,41.36,1.42
2021-02-13T00:00:00,58.58,41.42,1.41
2021-02-14T00:00:00,57.6,42.4,1.36
2021-02-15T00:00:00,57.71,42.29,1.37
2021-02-16T00:00:00,58.84,41.16,1.43
2021-02-17T00:00:00,58.05,41.95,1.38
2021-02-18T00:00:00,57.79,42.21,1.37
2021-02-19T00:00:00,56.72,43.28,1.31
2021-02-20T00:00:00,56.72,43.28,1.31
2021-02-21T00:00:00,57.4,42.6,1.35
2021-02-22T00:00:00,57.08,42.92,1.33
2021-02-23T00:00:00,56.11,43.89,1.28
2021-02-24T00:00:00,56.64,43.36,1.31
2021-02-25T00:00:00,55.94,44.06,1.27
2021-02-26T00:00:00,55.39,44.61,1.24
2021-02-27T00:00:00,55.1,44.9,1.23
2021-02-28T00:00:00,55.35,44.65,1.24
2021-03-01T00:00:00,56.81,43.19,1.32
2021-03-02T00:00:00,55.77,44.23,1.26
2021-03-03T00:00:00,55.93,44.07,1.27
2021-03-04T00:00:00,55.27,44.73,1.24
2021-03-05T00:00:00,55.48,44.52,1.25
2021-03-06T00:00:00,56.27,43.73,1.29
2021-03-07T00:00:00,55.59,44.41,1.25
2021-03-08T00:00:00,56.95,43.05,1.32
2021-03-09T00:00:00,58.27,41.73,1.4
2021-03-10T00:00:00,56.4,43.6,1.29
2021-03-11T00:00:00,56.94,43.06,1.32
2021-03-12T00:00:00,54.65,45.35,1.21
2021-03-13T00:00:00,53.84,46.16,1.17
2021-03-14T00:00:00,56.37,43.63,1.29
2021-03-15T00:00:00,55.9,44.1,1.27
2021-03-16T00:00:00,54.49,45.51,1.2
2021-03-17T00:00:00,54.7,45.3,1.21
2021-03-18T00:00:00,54.93,45.07,1.22
2021-03-19T00:00:00,55.58,44.42,1.25
2021-03-20T00:00:00,55.58,44.42,1.25
2021-03-21T00:00:00,55.73,44.27,1.26
2021-03-22T00:00:00,54.99,45.01,1.22
2021-03-23T00:00:00,54.21,45.79,1.18
2021-03-24T00:00:00,55.3,44.7,1.24
2021-03-25T00:00:00,52.7,47.3,1.11
2021-03-26T00:00:00,54.13,45.87,1.18
2021-03-27T00:00:00,52.96,47.04,1.13
2021-03-28T00:00:00,53.87,46.13,1.17
2021-03-29T00:00:00,53.76,46.24,1.16
2021-03-30T00:00:00,55.35,44.65,1.24
2021-03-31T00:00:00,56.33,43.67,1.29
2021-04-01T00:00:00,57.09,42.91,1.33
2021-04-02T00:00:00,56.03,43.97,1.27
2021-04-03T00:00:00,56.18,43.82,1.28
2021-04-04T00:00:00,55.8,44.2,1.26
2021-04-05T00:00:00,55.11,44.89,1.23
2021-04-06T00:00:00,56.24,43.76,1.29
2021-04-07T00:00:00,56.05,43.95,1.28
2021-04-08T00:00:00,55.2,44.8,1.23
2021-04-09T00:00:00,54.88,45.12,1.22
2021-04-10T00:00:00,54.82,45.18,1.21
2021-04-11T00:00:00,55.01,44.99,1.22
2021-04-12T00:00:00,55.77,44.23,1.26
2021-04-13T00:00:00,54.93,45.07,1.22
2021-04-14T00:00:00,55.03,44.97,1.22
2021-04-15T00:00:00,55.11,44.89,1.23
2021-04-16T00:00:00,55.69,44.31,1.26
2021-04-17T00:00:00,55.51,44.49,1.25
2021-04-18T00:00:00,55.22,44.78,1.23
2021-04-19T00:00:00,54.08,45.92,1.18
2021-04-20T00:00:00,53.59,46.41,1.16
2021-04-21T00:00:00,53.77,46.23,1.16
2021-04-22T00:00:00,53.14,46.86,1.13
2021-04-23T00:00:00,53.74,46.26,1.16
2021-04-24T00:00:00,53.95,46.05,1.17
2021-04-25T00:00:00,54.97,45.03,1.22
2021-04-26T00:00:00,53.48,46.52,1.15
2021-04-27T00:00:00,53.88,46.12,1.17
2021-04-28T00:00:00,54.73,45.27,1.21
2021-04-29T00:00:00,55.71,44.29,1.26
2021-04-30T00:00:00,54.57,45.43,1.2
2021-05-01T00:00:00,53.64,46.36,1.16
2021-05-02T00:00:00,54.67,45.33,1.21
2021-05-03T00:00:00,54.62,45.38,1.2
2021-05-04T00:00:00,55.01,44.99,1.22
2021-05-05T00:00:00,54.81,45.19,1.21
2021-05-06T00:00:00,55.37,44.63,1.24
2021-05-07T00:00:00,55.18,44.82,1.23
2021-05-08T00:00:00,55.48,44.52,1.25
2021-05-09T00:00:00,55.41,44.59,1.24
2021-05-10T00:00:00,55.52,44.48,1.25
2021-05-11T00:00:00,55.93,44.07,1.27
2021-05-12T00:00:00,55.13,44.87,1.23
2021-05-13T00:00:00,55.13,44.87,1.23
2021-05-14T00:00:00,54.31,45.69,1.19
2021-05-15T00:00:00,55.12,44.88,1.23
2021-05-16T00:00:00,55.07,44.93,1.23
2021-05-17T00:00:00,53.78,46.22,1.16
2021-05-18T00:00:00,53.28,46.72,1.14
2021-05-19T00:00:00,53.4,46.6,1.15
2021-05-20T00:00:00,54.83,45.17,1.21
2021-05-21T00:00:00,57.56,42.44,1.36
2021-05-22T00:00:00,53.44,46.56,1.15
2021-05-23T00:00:00,56.85,43.15,1.32
2021-05-24T00:00:00,53.71,46.29,1.16
2021-05-25T00:00:00,53.44,46.56,1.15
2021-05-26T00:00:00,54.23,45.77,1.19
2021-05-27T00:00:00,52.27,47.73,1.1
2021-05-28T00:00:00,54.07,45.93,1.18
2021-05-29T00:00:00,53.83,46.17,1.17
2021-05-30T00:00:00,53.24,46.76,1.14
2021-05-31T00:00:00,54.32,45.68,1.19
2021-06-01T00:00:00,53.11,46.89,1.13
2021-06-02T00:00:00,53.52,46.48,1.15
2021-06-03T00:00:00,53.01,46.99,1.13
2021-06-04T00:00:00,53.95,46.05,1.17
2021-06-05T00:00:00,53.55,46.45,1.15
2021-06-06T00:00:00,52.76,47.24,1.12
2021-06-07T00:00:00,52.31,47.69,1.1
2021-06-08T00:00:00,52.94,47.06,1.13
2021-06-09T00:00:00,52.61,47.39,1.11
2021-06-10T00:00:00,52.62,47.38,1.11
2021-06-11T00:00:00,52.72,47.28,1.12
2021-06-12T00:00:00,51.99,48.01,1.08
2021-06-13T00:00:00,52.68,47.32,1.11
2021-06-14T00:00:00,52.12,47.88,1.09
2021-06-15T00:00:00,52.47,47.53,1.1
2021-06-16T00:00:00,52.21,47.79,1.09
2021-06-17T00:00:00,52.03,47.97,1.09
2021-06-18T00:00:00,51.28,48.72,1.05
2021-06-19T00:00:00,51.78,48.22,1.07
2021-06-20T00:00:00,51.64,48.36,1.07
2021-06-21T00:00:00,51.37,48.63,1.06
2021-06-22T00:00:00,52.32,47.68,1.1
2021-06-23T00:00:00,52.99,47.01,1.13
2021-06-24T00:00:00,51.99,48.01,1.08
2021-06-25T00:00:00,52.5,47.5,1.11
2021-06-26T00:00:00,51.22,48.78,1.05
2021-06-27T00:00:00,51.88,48.12,1.08
2021-06-28T00:00:00,52.5,47.5,1.11
2021-06-29T00:00:00,52.46,47.54,1.1
2021-06-30T00:00:00,53.06,46.94,1.13
2021-07-01T00:00:00,52.25,47.75,1.09
2021-07-02T00:00:00,52.54,47.46,1.11
2021-07-03T00:00:00,52.3,47.7,1.1
2021-07-04T00:00:00,52.12,47.88,1.09
2021-07-05T00:00:00,51.68,48.32,1.07
2021-07-06T00:00:00,52.11,47.89,1.09
2021-07-07T00:00:00,52.11,47.89,1.09
2021-07-08T00:00:00,52.11,47.89,1.09
2021-07-09T00:00:00,52.11,47.89,1.09
2021-07-10T00:00:00,52.33,47.67,1.1
2021-07-11T00:00:00,52.07,47.93,1.09
2021-07-12T00:00:00,52.05,47.95,1.09
2021-07-13T00:00:00,51.58,48.42,1.07
2021-07-14T00:00:00,51.96,48.04,1.08
2021-07-15T00:00:00,51.34,48.66,1.06
2021-07-16T00:00:00,51.21,48.79,1.05
2021-07-17T00:00:00,51.91,48.09,1.08
2021-07-18T00:00:00,51.28,48.72,1.05
2021-07-19T00:00:00,51.26,48.74,1.05
2021-07-20T00:00:00,51.47,48.53,1.06
2021-07-21T00:00:00,51.66,48.34,1.07
2021-07-22T00:00:00,51.59,48.41,1.07
2021-07-23T00:00:00,52.39,47.61,1.1
2021-07-24T00:00:00,51.11,48.89,1.05
2021-07-25T00:00:00,51.1,48.9,1.05
2021-07-26T00:00:00,50.23,49.77,1.01
2021-07-27T00:00:00,50.82,49.18,1.03
2021-07-28T00:00:00,50.19,49.81,1.01
2021-07-29T00:00:00,50.73,49.27,1.03
2021-07-30T00:00:00,50.2,49.8,1.01
2021-07-31T00:00:00,50.34,49.66,1.01
2021-08-01T00:00:00,51.05,48.95,1.04
2021-08-02T00:00:00,50.49,49.51,1.02
2021-08-03T00:00:00,50.08,49.92,1.0
2021-08-04T00:00:00,49.8,50.2,0.99
2021-08-05T00:00:00,50.51,49.49,1.02
2021-08-06T00:00:00,50.41,49.59,1.02
2021-08-07T00:00:00,49.98,50.02,1.0
2021-08-08T00:00:00,50.67,49.33,1.03
2021-08-09T00:00:00,50.81,49.19,1.03
2021-08-10T00:00:00,50.42,49.58,1.02
2021-08-11T00:00:00,50.5,49.5,1.02
2021-08-12T00:00:00,51.96,48.04,1.08
2021-08-13T00:00:00,52.25,47.75,1.09
2021-08-14T00:00:00,52.41,47.59,1.1
2021-08-15T00:00:00,52.53,47.47,1.11
2021-08-16T00:00:00,52.51,47.49,1.11
2021-08-17T00:00:00,52.27,47.73,1.1
2021-08-18T00:00:00,51.96,48.04,1.08
2021-08-19T00:00:00,52.63,47.37,1.11
2021-08-20T00:00:00,52.52,47.48,1.11
2021-08-21T00:00:00,53.25,46.75,1.14
2021-08-22T00:00:00,53.07,46.93,1.13
2021-08-23T00:00:00,52.83,47.17,1.12
2021-08-24T00:00:00,52.7,47.3,1.11
2021-08-25T00:00:00,52.82,47.18,1.12
2021-08-26T00:00:00,52.64,47.36,1.11
2021-08-27T00:00:00,52.35,47.65,1.1
2021-08-28T00:00:00,52.05,47.95,1.09
2021-08-29T00:00:00,53.28,46.72,1.14
2021-08-30T00:00:00,53.26,46.74,1.14
2021-08-31T00:00:00,53.08,46.92,1.13
2021-09-01T00:00:00,53.57,46.43,1.15
2021-09-02T00:00:00,53.89,46.11,1.17
2021-09-03T00:00:00,53.87,46.13,1.17
2021-09-04T00:00:00,53.57,46.43,1.15
2021-09-05T00:00:00,53.11,46.89,1.13
2021-09-06T00:00:00,53.29,46.71,1.14
2021-09-07T00:00:00,53.3,46.7,1.14
2021-09-08T00:00:00,52.59,47.41,1.11
2021-09-09T00:00:00,52.74,47.26,1.12
2021-09-10T00:00:00,52.67,47.33,1.11
2021-09-11T00:00:00,53.27,46.73,1.14
2021-09-12T00:00:00,53.29,46.71,1.14
2021-09-13T00:00:00,53.28,46.72,1.14
2021-09-14T00:00:00,53.37,46.63,1.15
2021-09-15T00:00:00,53.09,46.91,1.13
2021-09-16T00:00:00,52.04,47.96,1.09
2021-09-17T00:00:00,52.41,47.59,1.1
2021-09-18T00:00:00,52.66,47.34,1.11
2021-09-19T00:00:00,52.5,47.5,1.11
2021-09-20T00:00:00,52.52,47.48,1.11
2021-09-21T00:00:00,52.36,47.64,1.1
2021-09-22T00:00:00,52.56,47.44,1.11
2021-09-23T00:00:00,52.53,47.47,1.11
2021-09-24T00:00:00,52.64,47.36,1.11
2021-09-25T00:00:00,53.25,46.75,1.14
2021-09-26T00:00:00,52.88,47.12,1.12
2021-09-27T00:00:00,52.44,47.56,1.1
2021-09-28T00:00:00,52.35,47.65,1.1
2021-09-29T00:00:00,52.08,47.92,1.09
2021-09-30T00:00:00,51.81,48.19,1.08
2021-10-01T00:00:00,52.22,47.78,1.09
2021-10-02T00:00:00,52.48,47.52,1.1
2021-10-03T00:00:00,52.48,47.52,1.1
2021-10-04T00:00:00,52.72,47.28,1.12
2021-10-05T00:00:00,53.01,46.99,1.13
2021-10-06T00:00:00,52.38,47.62,1.1
2021-10-07T00:00:00,52.76,47.24,1.12
2021-10-08T00:00:00,53.8,46.2,1.17
2021-10-09T00:00:00,53.1,46.9,1.13
2021-10-10T00:00:00,52.96,47.04,1.13
2021-10-11T00:00:00,52.32,47.68,1.1
2021-10-12T00:00:00,52.78,47.22,1.12
2021-10-13T00:00:00,52.85,47.15,1.12
2021-10-14T00:00:00,52.86,47.14,1.12
2021-10-15T00:00:00,53.12,46.88,1.13
2021-10-16T00:00:00,53.2,46.8,1.14
2021-10-17T00:00:00,54.33,45.67,1.19
2021-10-18T00:00:00,54.21,45.79,1.18
2021-10-19T00:00:00,53.37,46.63,1.15
2021-10-20T00:00:00,53.35,46.65,1.14
2021-10-21T00:00:00,54.02,45.98,1.18
2021-10-22T00:00:00,53.76,46.24,1.16
2021-10-23T00:00:00,53.15,46.85,1.13
2021-10-24T00:00:00,53.77,46.23,1.16
2021-10-25T00:00:00,53.36,46.64,1.14
2021-10-26T00:00:00,53.64,46.36,1.16
2021-10-27T00:00:00,52.65,47.35,1.11
2021-10-28T00:00:00,53.55,46.45,1.15
2021-10-29T00:00:00,53.8,46.2,1.17
2021-10-30T00:00:00,53.58,46.42,1.15
2021-10-31T00:00:00,53.68,46.32,1.16
2021-11-01T00:00:00,53.43,46.57,1.15
2021-11-02T00:00:00,53.68,46.32,1.16
2021-11-03T00:00:00,54.2,45.8,1.18
2021-11-04T00:00:00,54.11,45.89,1.18
2021-11-05T00:00:00,53.89,46.11,1.17
2021-11-06T00:00:00,53.35,46.65,1.14
2021-11-07T00:00:00,53.74,46.26,1.16
2021-11-08T00:00:00,53.88,46.12,1.17
2021-11-09T00:00:00,53.84,46.16,1.17
2021-11-10T00:00:00,54.05,45.95,1.18
2021-11-11T00:00:00,54.58,45.42,1.2
2021-11-12T00:00:00,53.84,46.16,1.17
2021-11-13T00:00:00,53.87,46.13,1.17
2021-11-14T00:00:00,53.35,46.65,1.14
2021-11-15T00:00:00,53.4,46.6,1.15
2021-11-16T00:00:00,53.51,46.49,1.15
2021-11-17T00:00:00,52.33,47.67,1.1
2021-11-18T00:00:00,52.36,47.64,1.1
2021-11-19T00:00:00,52.4,47.6,1.1
2021-11-20T00:00:00,52.03,47.97,1.09
2021-11-21T00:00:00,52.74,47.26,1.12
2021-11-22T00:00:00,52.57,47.43,1.11
2021-11-23T00:00:00,52.38,47.62,1.1
2021-11-24T00:00:00,52.69,47.31,1.11
2021-11-25T00:00:00,53.05,46.95,1.13
2021-11-26T00:00:00,53.39,46.61,1.15
2021-11-27T00:00:00,52.47,47.53,1.1
2021-11-28T00:00:00,52.24,47.76,1.09
2021-11-29T00:00:00,53.08,46.92,1.13
2021-11-30T00:00:00,53.77,46.23,1.16
2021-12-01T00:00:00,53.15,46.85,1.13
2021-12-02T00:00:00,53.21,46.79,1.14
2021-12-03T00:00:00,52.93,47.07,1.12
2021-12-04T00:00:00,52.02,47.98,1.08
2021-12-05T00:00:00,50.42,49.58,1.02
2021-12-06T00:00:00,53.2,46.8,1.14
2021-12-07T00:00:00,52.38,47.62,1.1
2021-12-08T00:00:00,52.65,47.35,1.11
2021-12-09T00:00:00,51.45,48.55,1.06
2021-12-10T00:00:00,51.97,48.03,1.08
2021-12-11T00:00:00,51.9,48.1,1.08
2021-12-12T00:00:00,52.42,47.58,1.1
2021-12-13T00:00:00,52.44,47.56,1.1
2021-12-14T00:00:00,51.52,48.48,1.06
2021-12-15T00:00:00,51.71,48.29,1.07
2021-12-16T00:00:00,52.35,47.65,1.1
2021-12-17T00:00:00,52.27,47.73,1.1
2021-12-18T00:00:00,50.68,49.32,1.03
2021-12-19T00:00:00,50.96,49.04,1.04
2021-12-20T00:00:00,51.83,48.17,1.08
2021-12-21T00:00:00,50.86,49.14,1.04
2021-12-22T00:00:00,52.66,47.34,1.11
2021-12-23T00:00:00,52.55,47.45,1.11
2021-12-24T00:00:00,52.55,47.45,1.11
2021-12-25T00:00:00,52.83,47.17,1.12
2021-12-26T00:00:00,53.08,46.92,1.13
2021-12-27T00:00:00,53.38,46.62,1.15
2021-12-28T00:00:00,53.76,46.24,1.16
2021-12-29T00:00:00,52.59,47.41,1.11
2021-12-30T00:00:00,52.2,47.8,1.09
2021-12-31T00:00:00,51.7,48.3,1.07
2022-01-01T00:00:00,51.97,48.03,1.08
2022-01-02T00:00:00,52.8,47.2,1.12
2022-01-03T00:00:00,53.47,46.53,1.15
2022-01-04T00:00:00,52.68,47.32,1.11
2022-01-05T00:00:00,52.76,47.24,1.12
2022-01-06T00:00:00,52.44,47.56,1.1
2022-01-07T00:00:00,52.43,47.57,1.1
2022-01-08T00:00:00,52.23,47.77,1.09
2022-01-09T00:00:00,53.86,46.14,1.17
2022-01-10T00:00:00,53.29,46.71,1.14
2022-01-11T00:00:00,52.81,47.19,1.12
2022-01-12T00:00:00,52.55,47.45,1.11
2022-01-13T00:00:00,52.27,47.73,1.1
2022-01-14T00:00:00,51.73,48.27,1.07
2022-01-15T00:00:00,52.6,47.4,1.11
2022-01-16T00:00:00,52.6,47.4,1.11
2022-01-17T00:00:00,52.04,47.96,1.09
2022-01-18T00:00:00,52.3,47.7,1.1
2022-01-19T00:00:00,52.84,47.16,1.12
2022-01-20T00:00:00,53.84,46.16,1.17
2022-01-21T00:00:00,53.92,46.08,1.17
2022-01-22T00:00:00,53.42,46.58,1.15
2022-01-23T00:00:00,54.79,45.21,1.21
2022-01-24T00:00:00,53.27,46.73,1.14
2022-01-25T00:00:00,55.93,44.07,1.27
2022-01-26T00:00:00,54.64,45.36,1.21
2022-01-27T00:00:00,53.42,46.58,1.15
2022-01-28T00:00:00,52.31,47.69,1.1
2022-01-29T00:00:00,52.66,47.34,1.11
2022-01-30T00:00:00,53.21,46.79,1.14
2022-01-31T00:00:00,53.01,46.99,1.13
2022-02-01T00:00:00,52.58,47.42,1.11
2022-02-02T00:00:00,52.39,47.61,1.1
2022-02-03T00:00:00,52.28,47.72,1.1
2022-02-04T00:00:00,52.12,47.88,1.09
2022-02-05T00:00:00,52.7,47.3,1.11
2022-02-06T00:00:00,53.56,46.44,1.15
2022-02-07T00:00:00,53.2,46.8,1.14
2022-02-08T00:00:00,53.85,46.15,1.17
2022-02-09T00:00:00,53.69,46.31,1.16
2022-02-10T00:00:00,53.31,46.69,1.14
2022-02-11T00:00:00,53.4,46.6,1.15
2022-02-12T00:00:00,53.18,46.82,1.14
2022-02-13T00:00:00,52.74,47.26,1.12
2022-02-14T00:00:00,52.56,47.44,1.11
2022-02-15T00:00:00,52.48,47.52,1.1
2022-02-16T00:00:00,53.18,46.82,1.14
2022-02-17T00:00:00,53.08,46.92,1.13
2022-02-18T00:00:00,52.55,47.45,1.11
2022-02-19T00:00:00,51.99,48.01,1.08
2022-02-20T00:00:00,51.46,48.54,1.06
2022-02-21T00:00:00,51.88,48.12,1.08
2022-02-22T00:00:00,51.51,48.49,1.06
2022-02-23T00:00:00,51.51,48.49,1.06
2022-02-24T00:00:00,52.0,48.0,1.08
2022-02-25T00:00:00,53.27,46.73,1.14
2022-02-26T00:00:00,52.02,47.98,1.08
2022-02-27T00:00:00,52.02,47.98,1.08
2022-02-28T00:00:00,50.46,49.54,1.02
2022-03-01T00:00:00,53.79,46.21,1.16
2022-03-02T00:00:00,52.32,47.68,1.1
2022-03-03T00:00:00,52.26,47.74,1.1
2022-03-04T00:00:00,53.46,46.54,1.15
2022-03-05T00:00:00,53.04,46.96,1.13
2022-03-06T00:00:00,51.47,48.53,1.06
2022-03-07T00:00:00,51.63,48.37,1.07
2022-03-08T00:00:00,51.7,48.3,1.07
2022-03-09T00:00:00,51.45,48.55,1.06
2022-03-10T00:00:00,53.15,46.85,1.13
2022-03-11T00:00:00,51.1,48.9,1.05
2022-03-12T00:00:00,50.84,49.16,1.03
2022-03-13T00:00:00,50.76,49.24,1.03
2022-03-14T00:00:00,50.11,49.89,1.0
2022-03-15T00:00:00,50.93,49.07,1.04
2022-03-16T00:00:00,52.12,47.88,1.09
2022-03-17T00:00:00,53.17,46.83,1.14
2022-03-18T00:00:00,53.4,46.6,1.15
2022-03-19T00:00:00,53.4,46.6,1.15
2022-03-20T00:00:00,52.97,47.03,1.13
2022-03-21T00:00:00,54.11,45.89,1.18
2022-03-22T00:00:00,52.06,47.94,1.09
2022-03-23T00:00:00,52.22,47.78,1.09
2022-03-24T00:00:00,52.28,47.72,1.1
2022-03-25T00:00:00,52.14,47.86,1.09
2022-03-26T00:00:00,52.31,47.69,1.1
2022-03-27T00:00:00,51.62,48.38,1.07
2022-03-28T00:00:00,53.48,46.52,1.15
2022-03-29T00:00:00,53.62,46.38,1.16
2022-03-30T00:00:00,53.02,46.98,1.13
2022-03-31T00:00:00,52.75,47.25,1.12
2022-04-01T00:00:00,53.07,46.93,1.13
2022-04-02T00:00:00,52.15,47.85,1.09
2022-04-03T00:00:00,52.15,47.85,1.09
2022-04-04T00:00:00,52.15,47.85,1.09
2022-04-05T00:00:00,52.32,47.68,1.1
2022-04-06T00:00:00,52.32,47.68,1.1
2022-04-07T00:00:00,52.32,47.68,1.1
2022-04-08T00:00:00,52.32,47.68,1.1
2022-04-09T00:00:00,52.32,47.68,1.1
2022-04-10T00:00:00,51.49,48.51,1.06
2022-04-11T00:00:00,51.49,48.51,1.06
2022-04-12T00:00:00,50.17,49.83,1.01
2022-04-13T00:00:00,50.67,49.33,1.03
2022-04-14T00:00:00,50.56,49.44,1.02
2022-04-15T00:00:00,49.45,50.55,0.98
2022-04-16T00:00:00,50.67,49.33,1.03
2022-04-17T00:00:00,50.17,49.83,1.01
2022-04-18T00:00:00,50.37,49.63,1.02
2022-04-19T00:00:00,51.39,48.61,1.06
2022-04-20T00:00:00,51.76,48.24,1.07
2022-04-21T00:00:00,51.17,48.83,1.05
2022-04-22T00:00:00,50.45,49.55,1.02
2022-04-23T00:00:00,49.41,50.59,0.98
2022-04-24T00:00:00,49.01,50.99,0.96
2022-04-25T00:00:00,49.51,50.49,0.98
2022-04-26T00:00:00,50.67,49.33,1.03
2022-04-27T00:00:00,49.63,50.37,0.99
2022-04-28T00:00:00,49.63,50.37,0.99
2022-04-29T00:00:00,49.63,50.37,0.99
2022-04-30T00:00:00,49.81,50.19,0.99
2022-05-01T00:00:00,49.2,50.8,0.97
2022-05-02T00:00:00,49.5,50.5,0.98
2022-05-03T00:00:00,52.14,47.86,1.09
2022-05-04T00:00:00,50.74,49.26,1.03
2022-05-05T00:00:00,53.8,46.2,1.17
2022-05-06T00:00:00,51.1,48.9,1.05
2022-05-07T00:00:00,50.21,49.79,1.01
2022-05-08T00:00:00,50.13,49.87,1.01
2022-05-09T00:00:00,51.84,48.16,1.08
2022-05-10T00:00:00,51.84,48.16,1.08
2022-05-11T00:00:00,51.84,48.16,1.08
2022-05-12T00:00:00,51.71,48.29,1.07
2022-05-13T00:00:00,52.48,47.52,1.1
2022-05-14T00:00:00,52.05,47.95,1.09
2022-05-15T00:00:00,52.93,47.07,1.12
2022-05-16T00:00:00,54.83,45.17,1.21
2022-05-17T00:00:00,53.83,46.17,1.17
2022-05-18T00:00:00,52.55,47.45,1.11
2022-05-19T00:00:00,52.97,47.03,1.13
2022-05-20T00:00:00,54.17,45.83,1.18
2022-05-21T00:00:00,54.12,45.88,1.18
2022-05-22T00:00:00,54.45,45.55,1.2
2022-05-23T00:00:00,55.25,44.75,1.24
2022-05-24T00:00:00,52.83,47.17,1.12
2022-05-25T00:00:00,52.59,47.41,1.11
2022-05-26T00:00:00,54.55,45.45,1.2
2022-05-27T00:00:00,53.01,46.99,1.13
2022-05-28T00:00:00,54.14,45.86,1.18
2022-05-29T00:00:00,54.02,45.98,1.18
2022-05-30T00:00:00,54.22,45.78,1.18
2022-05-31T00:00:00,54.78,45.22,1.21
2022-06-01T00:00:00,55.51,44.49,1.25
2022-06-02T00:00:00,54.45,45.55,1.2
2022-06-03T00:00:00,53.43,46.57,1.15
2022-06-04T00:00:00,53.7,46.3,1.16
2022-06-05T00:00:00,53.54,46.46,1.15
2022-06-06T00:00:00,53.48,46.52,1.15
2022-06-07T00:00:00,54.48,45.52,1.2
2022-06-08T00:00:00,54.88,45.12,1.22
2022-06-09T00:00:00,54.27,45.73,1.19
2022-06-10T00:00:00,52.99,47.01,1.13
2022-06-11T00:00:00,52.34,47.66,1.1
2022-06-12T00:00:00,53.26,46.74,1.14
2022-06-13T00:00:00,53.97,46.03,1.17
2022-06-14T00:00:00,55.47,44.53,1.25
2022-06-15T00:00:00,52.63,47.37,1.11
2022-06-16T00:00:00,50.94,49.06,1.04
2022-06-17T00:00:00,51.46,48.54,1.06
2022-06-18T00:00:00,50.4,49.6,1.02
2022-06-19T00:00:00,53.32,46.68,1.14
2022-06-20T00:00:00,53.04,46.96,1.13
2022-06-21T00:00:00,53.15,46.85,1.13
2022-06-22T00:00:00,53.1,46.9,1.13
2022-06-23T00:00:00,52.7,47.3,1.11
2022-06-24T00:00:00,53.51,46.49,1.15
2022-06-25T00:00:00,53.63,46.37,1.16
2022-06-26T00:00:00,52.92,47.08,1.12
2022-06-27T00:00:00,52.25,47.75,1.09
2022-06-28T00:00:00,52.11,47.89,1.09
2022-06-29T00:00:00,52.74,47.26,1.12
2022-06-30T00:00:00,53.02,46.98,1.13
2022-07-01T00:00:00,51.96,48.04,1.08
2022-07-02T00:00:00,53.13,46.87,1.13
2022-07-03T00:00:00,52.24,47.76,1.09
2022-07-04T00:00:00,52.34,47.66,1.1
2022-07-05T00:00:00,52.64,47.36,1.11
2022-07-06T00:00:00,53.63,46.37,1.16
2022-07-07T00:00:00,53.18,46.82,1.14
2022-07-08T00:00:00,52.3,47.7,1.1
2022-07-09T00:00:00,53.35,46.65,1.14
2022-07-10T00:00:00,53.63,46.37,1.16
2022-07-11T00:00:00,52.78,47.22,1.12
2022-07-12T00:00:00,52.84,47.16,1.12
2022-07-13T00:00:00,53.27,46.73,1.14
2022-07-14T00:00:00,52.45,47.55,1.1
2022-07-15T00:00:00,53.22,46.78,1.14
2022-07-16T00:00:00,52.79,47.21,1.12
2022-07-17T00:00:00,53.65,46.35,1.16
2022-07-18T00:00:00,54.07,45.93,1.18
2022-07-19T00:00:00,55.2,44.8,1.23
2022-07-20T00:00:00,54.59,45.41,1.2
2022-07-21T00:00:00,54.91,45.09,1.22
2022-07-22T00:00:00,54.92,45.08,1.22
2022-07-23T00:00:00,54.43,45.57,1.19
2022-07-24T00:00:00,53.63,46.37,1.16
2022-07-25T00:00:00,54.28,45.72,1.19
2022-07-26T00:00:00,53.78,46.22,1.16
2022-07-27T00:00:00,53.22,46.78,1.14
2022-07-28T00:00:00,53.53,46.47,1.15
2022-07-29T00:00:00,54.59,45.41,1.2
2022-07-30T00:00:00,55.28,44.72,1.24
2022-07-31T00:00:00,54.97,45.03,1.22
2022-08-01T00:00:00,54.94,45.06,1.22
2022-08-02T00:00:00,54.89,45.11,1.22
2022-08-03T00:00:00,54.45,45.55,1.2
2022-08-04T00:00:00,54.22,45.78,1.18
2022-08-05T00:00:00,54.03,45.97,1.18
2022-08-06T00:00:00,54.54,45.46,1.2
2022-08-07T00:00:00,54.35,45.65,1.19
2022-08-08T00:00:00,54.65,45.35,1.21
2022-08-09T00:00:00,55.05,44.95,1.23
2022-08-10T00:00:00,53.23,46.77,1.14
2022-08-11T00:00:00,53.74,46.26,1.16
2022-08-12T00:00:00,54.53,45.47,1.2
2022-08-13T00:00:00,53.23,46.77,1.14
2022-08-14T00:00:00,54.34,45.66,1.19
2022-08-15T00:00:00,53.49,46.51,1.15
2022-08-16T00:00:00,53.02,46.98,1.13
2022-08-17T00:00:00,53.23,46.77,1.14
2022-08-18T00:00:00,53.27,46.73,1.14
2022-08-19T00:00:00,54.14,45.86,1.18
2022-08-20T00:00:00,52.28,47.72,1.1
2022-08-21T00:00:00,52.19,47.81,1.09
2022-08-22T00:00:00,51.5,48.5,1.06
2022-08-23T00:00:00,51.56,48.44,1.06
2022-08-24T00:00:00,51.56,48.44,1.06
2022-08-25T00:00:00,51.56,48.44,1.06
2022-08-26T00:00:00,51.03,48.97,1.04
2022-08-27T00:00:00,51.84,48.16,1.08
2022-08-28T00:00:00,50.84,49.16,1.03
2022-08-29T00:00:00,50.57,49.43,1.02
2022-08-30T00:00:00,50.8,49.2,1.03
2022-08-31T00:00:00,50.11,49.89,1.0
2022-09-01T00:00:00,52.38,47.62,1.1
2022-09-02T00:00:00,51.68,48.32,1.07
2022-09-03T00:00:00,51.98,48.02,1.08
2022-09-04T00:00:00,51.39,48.61,1.06
2022-09-05T00:00:00,51.14,48.86,1.05
2022-09-06T00:00:00,50.13,49.87,1.01
2022-09-07T00:00:00,49.21,50.79,0.97
2022-09-08T00:00:00,50.36,49.64,1.02
2022-09-09T00:00:00,51.33,48.67,1.06
2022-09-10T00:00:00,53.17,46.83,1.14
2022-09-11T00:00:00,53.65,46.35,1.16
2022-09-12T00:00:00,54.78,45.22,1.21
2022-09-13T00:00:00,54.85,45.15,1.22
2022-09-14T00:00:00,54.55,45.45,1.2
2022-09-15T00:00:00,53.15,46.85,1.13
2022-09-16T00:00:00,52.93,47.07,1.12
2022-09-17T00:00:00,52.84,47.16,1.12
2022-09-18T00:00:00,53.73,46.27,1.16
2022-09-19T00:00:00,53.05,46.95,1.13
2022-09-20T00:00:00,51.89,48.11,1.08
2022-09-21T00:00:00,52.06,47.94,1.09
2022-09-22T00:00:00,51.18,48.82,1.05
2022-09-23T00:00:00,53.28,46.72,1.14
2022-09-24T00:00:00,52.71,47.29,1.12
2022-09-25T00:00:00,52.78,47.22,1.12
2022-09-26T00:00:00,52.18,47.82,1.09
2022-09-27T00:00:00,52.25,47.75,1.09
2022-09-28T00:00:00,52.99,47.01,1.13
2022-09-29T00:00:00,53.55,46.45,1.15
2022-09-30T00:00:00,54.98,45.02,1.22
2022-10-01T00:00:00,54.54,45.46,1.2
2022-10-02T00:00:00,54.12,45.88,1.18
2022-10-03T00:00:00,54.5,45.5,1.2
2022-10-04T00:00:00,54.86,45.14,1.22
2022-10-05T00:00:00,55.15,44.85,1.23
2022-10-06T00:00:00,55.93,44.07,1.27
2022-10-07T00:00:00,56.3,43.7,1.29
2022-10-08T00:00:00,55.71,44.29,1.26
2022-10-09T00:00:00,55.45,44.55,1.25
2022-10-10T00:00:00,55.51,44.49,1.25
2022-10-11T00:00:00,55.89,44.11,1.27
2022-10-12T00:00:00,55.15,44.85,1.23
2022-10-13T00:00:00,55.45,44.55,1.25
2022-10-14T00:00:00,55.01,44.99,1.22
2022-10-15T00:00:00,55.8,44.2,1.26
2022-10-16T00:00:00,55.49,44.51,1.25
2022-10-17T00:00:00,55.43,44.57,1.24
2022-10-18T00:00:00,56.02,43.98,1.27
2022-10-19T00:00:00,55.96,44.04,1.27
2022-10-20T00:00:00,55.31,44.69,1.24
2022-10-21T00:00:00,54.74,45.26,1.21
2022-10-22T00:00:00,55.12,44.88,1.23
2022-10-23T00:00:00,55.88,44.12,1.27
2022-10-24T00:00:00,56.71,43.29,1.31
2022-10-25T00:00:00,57.28,42.72,1.34
2022-10-26T00:00:00,56.83,43.17,1.32
2022-10-27T00:00:00,56.12,43.88,1.28
2022-10-28T00:00:00,55.8,44.2,1.26
2022-10-29T00:00:00,55.16,44.84,1.23
2022-10-30T00:00:00,55.02,44.98,1.22
2022-10-31T00:00:00,55.01,44.99,1.22
2022-11-01T00:00:00,54.49,45.51,1.2
2022-11-02T00:00:00,54.16,45.84,1.18
2022-11-03T00:00:00,54.1,45.9,1.18
2022-11-04T00:00:00,54.58,45.42,1.2
2022-11-05T00:00:00,54.62,45.38,1.2
2022-11-06T00:00:00,55.39,44.61,1.24
2022-11-07T00:00:00,55.34,44.66,1.24
2022-11-08T00:00:00,55.82,44.18,1.26
2022-11-09T00:00:00,55.82,44.18,1.26
2022-11-10T00:00:00,48.32,51.68,0.94
2022-11-11T00:00:00,48.43,51.57,0.94
2022-11-12T00:00:00,50.67,49.33,1.03
2022-11-13T00:00:00,51.33,48.67,1.06
2022-11-14T00:00:00,51.1,48.9,1.05
2022-11-15T00:00:00,50.64,49.36,1.03
2022-11-16T00:00:00,50.42,49.58,1.02
2022-11-17T00:00:00,49.87,50.13,1.0
2022-11-18T00:00:00,50.04,49.96,1.0
2022-11-19T00:00:00,50.11,49.89,1.0
2022-11-20T00:00:00,50.44,49.56,1.02
2022-11-21T00:00:00,50.58,49.42,1.02
2022-11-22T00:00:00,50.76,49.24,1.03
2022-11-23T00:00:00,51.2,48.8,1.05
2022-11-24T00:00:00,52.08,47.92,1.09
2022-11-25T00:00:00,52.03,47.97,1.09
2022-11-26T00:00:00,52.59,47.41,1.11
2022-11-27T00:00:00,51.93,48.07,1.08
2022-11-28T00:00:00,51.77,48.23,1.07
2022-11-29T00:00:00,51.81,48.19,1.08
2022-11-30T00:00:00,51.91,48.09,1.08
2022-12-01T00:00:00,52.75,47.25,1.12
2022-12-02T00:00:00,52.39,47.61,1.1
2022-12-03T00:00:00,52.1,47.9,1.09
2022-12-04T00:00:00,52.27,47.73,1.1
2022-12-05T00:00:00,52.21,47.79,1.09
2022-12-06T00:00:00,51.7,48.3,1.07
2022-12-07T00:00:00,51.78,48.22,1.07
2022-12-08T00:00:00,51.57,48.43,1.07
2022-12-09T00:00:00,51.42,48.58,1.06
2022-12-10T00:00:00,51.86,48.14,1.08
2022-12-11T00:00:00,51.95,48.05,1.08
2022-12-12T00:00:00,51.73,48.27,1.07
2022-12-13T00:00:00,51.5,48.5,1.06
2022-12-14T00:00:00,52.63,47.37,1.11
2022-12-15T00:00:00,52.6,47.4,1.11
2022-12-16T00:00:00,51.58,48.42,1.07
2022-12-17T00:00:00,51.01,48.99,1.04
2022-12-18T00:00:00,50.42,49.58,1.02
2022-12-19T00:00:00,51.0,49.0,1.04
2022-12-20T00:00:00,51.32,48.68,1.05
2022-12-21T00:00:00,51.12,48.88,1.05
2022-12-22T00:00:00,51.74,48.26,1.07
2022-12-23T00:00:00,51.63,48.37,1.07
2022-12-24T00:00:00,52.02,47.98,1.08
2022-12-25T00:00:00,51.8,48.2,1.08
2022-12-26T00:00:00,51.86,48.14,1.08
2022-12-27T00:00:00,51.44,48.56,1.06
2022-12-28T00:00:00,51.39,48.61,1.06
2022-12-29T00:00:00,51.26,48.74,1.05
2022-12-30T00:00:00,51.53,48.47,1.06
2022-12-31T00:00:00,51.52,48.48,1.06
2023-01-01T00:00:00,51.97,48.03,1.08
2023-01-02T00:00:00,51.12,48.88,1.05
2023-01-03T00:00:00,51.48,48.52,1.06
2023-01-04T00:00:00,51.52,48.48,1.06
2023-01-05T00:00:00,51.74,48.26,1.07
2023-01-06T00:00:00,51.79,48.21,1.07
2023-01-07T00:00:00,52.02,47.98,1.08
2023-01-08T00:00:00,52.36,47.64,1.1
2023-01-09T00:00:00,52.08,47.92,1.09
2023-01-10T00:00:00,52.1,47.9,1.09
2023-01-11T00:00:00,51.3,48.7,1.05
2023-01-12T00:00:00,51.6,48.4,1.07
2023-01-13T00:00:00,52.34,47.66,1.1
2023-01-14T00:00:00,52.37,47.63,1.1
2023-01-15T00:00:00,53.5,46.5,1.15
2023-01-16T00:00:00,53.09,46.91,1.13
2023-01-17T00:00:00,53.73,46.27,1.16
2023-01-18T00:00:00,53.45,46.55,1.15
2023-01-19T00:00:00,53.83,46.17,1.17
2023-01-20T00:00:00,52.67,47.33,1.11
2023-01-21T00:00:00,53.16,46.84,1.14
2023-01-22T00:00:00,53.62,46.38,1.16
2023-01-23T00:00:00,52.85,47.15,1.12
2023-01-24T00:00:00,52.81,47.19,1.12
2023-01-25T00:00:00,52.08,47.92,1.09
2023-01-26T00:00:00,53.25,46.75,1.14
2023-01-27T00:00:00,53.31,46.69,1.14
2023-01-28T00:00:00,53.18,46.82,1.14
2023-01-29T00:00:00,53.21,46.79,1.14
2023-01-30T00:00:00,53.24,46.76,1.14
2023-01-31T00:00:00,53.94,46.06,1.17
2023-02-01T00:00:00,53.59,46.41,1.16
2023-02-02T00:00:00,53.68,46.32,1.16
2023-02-03T00:00:00,54.08,45.92,1.18
2023-02-04T00:00:00,53.2,46.8,1.14
2023-02-05T00:00:00,53.22,46.78,1.14
2023-02-06T00:00:00,53.12,46.88,1.13
2023-02-07T00:00:00,53.01,46.99,1.13
2023-02-08T00:00:00,53.34,46.66,1.14
2023-02-09T00:00:00,53.41,46.59,1.15
2023-02-10T00:00:00,53.58,46.42,1.15
2023-02-11T00:00:00,53.06,46.94,1.13
2023-02-12T00:00:00,54.01,45.99,1.17
2023-02-13T00:00:00,53.53,46.47,1.15
2023-02-14T00:00:00,54.28,45.72,1.19
2023-02-15T00:00:00,53.53,46.47,1.15
2023-02-16T00:00:00,53.96,46.04,1.17
2023-02-17T00:00:00,56.65,43.35,1.31
2023-02-18T00:00:00,56.6,43.4,1.3
2023-02-19T00:00:00,56.02,43.98,1.27
2023-02-20T00:00:00,55.81,44.19,1.26
2023-02-21T00:00:00,55.49,44.51,1.25
2023-02-22T00:00:00,55.64,44.36,1.25
2023-02-23T00:00:00,54.84,45.16,1.21
2023-02-24T00:00:00,54.32,45.68,1.19
2023-02-25T00:00:00,53.87,46.13,1.17
2023-02-26T00:00:00,53.71,46.29,1.16
2023-02-27T00:00:00,53.76,46.24,1.16
2023-02-28T00:00:00,54.17,45.83,1.18
2023-03-01T00:00:00,53.55,46.45,1.15
2023-03-02T00:00:00,54.27,45.73,1.19
2023-03-03T00:00:00,54.0,46.0,1.17
2023-03-04T00:00:00,53.06,46.94,1.13
2023-03-05T00:00:00,52.82,47.18,1.12
2023-03-06T00:00:00,53.21,46.79,1.14
2023-03-07T00:00:00,52.97,47.03,1.13
2023-03-08T00:00:00,52.9,47.1,1.12
2023-03-09T00:00:00,51.83,48.17,1.08
2023-03-10T00:00:00,52.63,47.37,1.11
2023-03-11T00:00:00,51.88,48.12,1.08
2023-03-12T00:00:00,51.15,48.85,1.05
2023-03-13T00:00:00,52.45,47.55,1.1
2023-03-14T00:00:00,53.54,46.46,1.15
2023-03-15T00:00:00,54.92,45.08,1.22
2023-03-16T00:00:00,56.4,43.6,1.29
2023-03-17T00:00:00,56.54,43.46,1.3
2023-03-18T00:00:00,57.65,42.35,1.36
2023-03-19T00:00:00,56.88,43.12,1.32
2023-03-20T00:00:00,55.63,44.37,1.25
2023-03-21T00:00:00,56.1,43.9,1.28
2023-03-22T00:00:00,55.01,44.99,1.22
2023-03-23T00:00:00,53.69,46.31,1.16
2023-03-24T00:00:00,53.61,46.39,1.16
2023-03-25T00:00:00,54.24,45.76,1.19
2023-03-26T00:00:00,53.53,46.47,1.15
2023-03-27T00:00:00,53.1,46.9,1.13
2023-03-28T00:00:00,52.99,47.01,1.13
2023-03-29T00:00:00,53.12,46.88,1.13
2023-03-30T00:00:00,53.92,46.08,1.17
2023-03-31T00:00:00,53.45,46.55,1.15
2023-04-01T00:00:00,52.77,47.23,1.12
2023-04-02T00:00:00,53.87,46.13,1.17
2023-04-03T00:00:00,53.48,46.52,1.15
2023-04-04T00:00:00,53.11,46.89,1.13
2023-04-05T00:00:00,52.31,47.69,1.1
2023-04-06T00:00:00,52.52,47.48,1.11
2023-04-07T00:00:00,53.0,47.0,1.13
2023-04-08T00:00:00,52.23,47.77,1.09
2023-04-09T00:00:00,52.05,47.95,1.09
2023-04-10T00:00:00,52.73,47.27,1.12
2023-04-11T00:00:00,53.14,46.86,1.13
2023-04-12T00:00:00,53.77,46.23,1.16
2023-04-13T00:00:00,53.64,46.36,1.16
2023-04-14T00:00:00,52.91,47.09,1.12
2023-04-15T00:00:00,52.91,47.09,1.12
2023-04-16T00:00:00,52.58,47.42,1.11
2023-04-17T00:00:00,52.23,47.77,1.09
2023-04-18T00:00:00,52.27,47.73,1.1
2023-04-19T00:00:00,51.75,48.25,1.07
2023-04-20T00:00:00,51.67,48.33,1.07
2023-04-21T00:00:00,51.82,48.18,1.08
2023-04-22T00:00:00,53.86,46.14,1.17
2023-04-23T00:00:00,52.97,47.03,1.13
2023-04-24T00:00:00,53.52,46.48,1.15
2023-04-25T00:00:00,53.06,46.94,1.13
2023-04-26T00:00:00,52.89,47.11,1.12
2023-04-27T00:00:00,54.35,45.65,1.19
2023-04-28T00:00:00,55.33,44.67,1.24
2023-04-29T00:00:00,55.68,44.32,1.26
2023-04-30T00:00:00,55.5,44.5,1.25
2023-05-01T00:00:00,55.84,44.16,1.26
2023-05-02T00:00:00,54.21,45.79,1.18
2023-05-03T00:00:00,53.24,46.76,1.14
2023-05-04T00:00:00,54.65,45.35,1.21
2023-05-05T00:00:00,54.36,45.64,1.19
2023-05-06T00:00:00,54.66,45.34,1.21
2023-05-07T00:00:00,54.82,45.18,1.21
2023-05-08T00:00:00,54.58,45.42,1.2
2023-05-09T00:00:00,52.51,47.49,1.11
2023-05-10T00:00:00,52.73,47.27,1.12
2023-05-11T00:00:00,52.56,47.44,1.11
2023-05-12T00:00:00,53.65,46.35,1.16
2023-05-13T00:00:00,53.48,46.52,1.15
2023-05-14T00:00:00,53.76,46.24,1.16
2023-05-15T00:00:00,54.21,45.79,1.18
2023-05-16T00:00:00,53.63,46.37,1.16
2023-05-17T00:00:00,54.02,45.98,1.18
2023-05-18T00:00:00,54.92,45.08,1.22
2023-05-19T00:00:00,55.17,44.83,1.23
2023-05-20T00:00:00,55.12,44.88,1.23
2023-05-21T00:00:00,55.0,45.0,1.22
2023-05-22T00:00:00,55.08,44.92,1.23
2023-05-23T00:00:00,55.47,44.53,1.25
2023-05-24T00:00:00,56.02,43.98,1.27
2023-05-25T00:00:00,54.88,45.12,1.22
2023-05-26T00:00:00,55.11,44.89,1.23
2023-05-27T00:00:00,55.65,44.35,1.26
2023-05-28T00:00:00,55.82,44.18,1.26
2023-05-29T00:00:00,55.89,44.11,1.27
2023-05-30T00:00:00,57.46,42.54,1.35
2023-05-31T00:00:00,55.95,44.05,1.27
2023-06-01T00:00:00,56.03,43.97,1.27
2023-06-02T00:00:00,56.09,43.91,1.28
2023-06-03T00:00:00,55.83,44.17,1.26
2023-06-04T00:00:00,56.24,43.76,1.29
2023-06-05T00:00:00,56.79,43.21,1.31
2023-06-06T00:00:00,55.63,44.37,1.25
2023-06-07T00:00:00,55.92,44.08,1.27
2023-06-08T00:00:00,57.17,42.83,1.34
2023-06-09T00:00:00,56.38,43.62,1.29
2023-06-10T00:00:00,56.71,43.29,1.31
2023-06-11T00:00:00,55.39,44.61,1.24
2023-06-12T00:00:00,55.46,44.54,1.25
2023-06-13T00:00:00,55.16,44.84,1.23
2023-06-14T00:00:00,55.22,44.78,1.23
2023-06-15T00:00:00,54.64,45.36,1.21
2023-06-16T00:00:00,54.33,45.67,1.19
2023-06-17T00:00:00,55.71,44.29,1.26
2023-06-18T00:00:00,56.13,43.87,1.28
2023-06-19T00:00:00,55.7,44.3,1.26
2023-06-20T00:00:00,55.69,44.31,1.26
2023-06-21T00:00:00,54.92,45.08,1.22
2023-06-22T00:00:00,58.15,41.85,1.39
2023-06-23T00:00:00,58.55,41.45,1.41
2023-06-24T00:00:00,58.73,41.27,1.42
2023-06-25T00:00:00,59.24,40.76,1.45
2023-06-26T00:00:00,58.24,41.76,1.4
2023-06-27T00:00:00,59.03,40.97,1.44
2023-06-28T00:00:00,59.08,40.92,1.44
2023-06-29T00:00:00,58.85,41.15,1.43
2023-06-30T00:00:00,58.67,41.33,1.42
2023-07-01T00:00:00,59.68,40.32,1.48
2023-07-02T00:00:00,60.21,39.79,1.51
2023-07-03T00:00:00,60.57,39.43,1.54
2023-07-04T00:00:00,59.75,40.25,1.48
2023-07-05T00:00:00,59.66,40.34,1.48
2023-07-06T00:00:00,59.55,40.45,1.47
2023-07-07T00:00:00,59.19,40.81,1.45
2023-07-08T00:00:00,58.21,41.79,1.39
2023-07-09T00:00:00,58.88,41.12,1.43
2023-07-10T00:00:00,58.59,41.41,1.42
2023-07-11T00:00:00,58.76,41.24,1.43
2023-07-12T00:00:00,58.33,41.67,1.4
2023-07-13T00:00:00,57.97,42.03,1.38
2023-07-14T00:00:00,57.91,42.09,1.38
2023-07-15T00:00:00,56.55,43.45,1.3
2023-07-16T00:00:00,55.97,44.03,1.27
2023-07-17T00:00:00,56.43,43.57,1.3
2023-07-18T00:00:00,55.64,44.36,1.25
2023-07-19T00:00:00,55.27,44.73,1.24
2023-07-20T00:00:00,55.26,44.74,1.24
2023-07-21T00:00:00,54.63,45.37,1.2
2023-07-22T00:00:00,54.79,45.21,1.21
2023-07-23T00:00:00,55.35,44.65,1.24
2023-07-24T00:00:00,56.63,43.37,1.31
2023-07-25T00:00:00,55.65,44.35,1.26
2023-07-26T00:00:00,55.86,44.14,1.27
2023-07-27T00:00:00,55.98,44.02,1.27
2023-07-28T00:00:00,56.67,43.33,1.31
2023-07-29T00:00:00,56.89,43.11,1.32
2023-07-30T00:00:00,56.83,43.17,1.32
2023-07-31T00:00:00,56.87,43.13,1.32
2023-08-01T00:00:00,57.05,42.95,1.33
2023-08-02T00:00:00,55.94,44.06,1.27
2023-08-03T00:00:00,58.57,41.43,1.41
2023-08-04T00:00:00,56.38,43.62,1.29
2023-08-05T00:00:00,56.57,43.43,1.3
2023-08-06T00:00:00,56.27,43.73,1.29
2023-08-07T00:00:00,56.88,43.12,1.32
2023-08-08T00:00:00,56.25,43.75,1.29
2023-08-09T00:00:00,56.49,43.51,1.3
2023-08-10T00:00:00,58.63,41.37,1.42
2023-08-11T00:00:00,57.12,42.88,1.33
2023-08-12T00:00:00,57.25,42.75,1.34
2023-08-13T00:00:00,57.2,42.8,1.34
2023-08-14T00:00:00,57.5,42.5,1.35
2023-08-15T00:00:00,57.86,42.14,1.37
2023-08-16T00:00:00,57.55,42.45,1.36
2023-08-17T00:00:00,57.41,42.59,1.35
2023-08-18T00:00:00,50.14,49.86,1.01
2023-08-19T00:00:00,52.62,47.38,1.11
2023-08-20T00:00:00,56.29,43.71,1.29
2023-08-21T00:00:00,55.48,44.52,1.25
2023-08-22T00:00:00,54.36,45.64,1.19
2023-08-23T00:00:00,54.84,45.16,1.21
2023-08-24T00:00:00,54.63,45.37,1.2
2023-08-25T00:00:00,54.83,45.17,1.21
2023-08-26T00:00:00,55.71,44.29,1.26
2023-08-27T00:00:00,55.26,44.74,1.24
2023-08-28T00:00:00,54.17,45.83,1.18
2023-08-29T00:00:00,54.74,45.26,1.21
2023-08-30T00:00:00,54.07,45.93,1.18
2023-08-31T00:00:00,54.07,45.93,1.18
2023-09-01T00:00:00,55.51,44.49,1.25
2023-09-02T00:00:00,55.87,44.13,1.27
2023-09-03T00:00:00,55.32,44.68,1.24
2023-09-04T00:00:00,54.72,45.28,1.21
2023-09-05T00:00:00,54.65,45.35,1.21
2023-09-06T00:00:00,54.21,45.79,1.18
2023-09-07T00:00:00,54.21,45.79,1.18
2023-09-08T00:00:00,54.4,45.6,1.19
2023-09-09T00:00:00,53.61,46.39,1.16
2023-09-10T00:00:00,53.38,46.62,1.15
2023-09-11T00:00:00,53.51,46.49,1.15
2023-09-12T00:00:00,52.66,47.34,1.11
2023-09-13T00:00:00,52.94,47.06,1.13
2023-09-14T00:00:00,52.83,47.17,1.12
2023-09-15T00:00:00,52.49,47.51,1.11
2023-09-16T00:00:00,52.81,47.19,1.12
2023-09-17T00:00:00,52.69,47.31,1.11
2023-09-18T00:00:00,52.62,47.38,1.11
2023-09-19T00:00:00,52.45,47.55,1.1
2023-09-20T00:00:00,52.4,47.6,1.1
2023-09-21T00:00:00,52.21,47.79,1.09
2023-09-22T00:00:00,52.38,47.62,1.1
2023-09-23T00:00:00,52.13,47.87,1.09
2023-09-24T00:00:00,51.89,48.11,1.08
2023-09-25T00:00:00,52.31,47.69,1.1
2023-09-26T00:00:00,52.0,48.0,1.08
2023-09-27T00:00:00,52.55,47.45,1.11
2023-09-28T00:00:00,52.57,47.43,1.11
2023-09-29T00:00:00,50.35,49.65,1.01
2023-09-30T00:00:00,51.86,48.14,1.08
2023-10-01T00:00:00,52.22,47.78,1.09
2023-10-02T00:00:00,52.64,47.36,1.11
2023-10-03T00:00:00,54.31,45.69,1.19
2023-10-04T00:00:00,52.71,47.29,1.12
2023-10-05T00:00:00,52.14,47.86,1.09
2023-10-06T00:00:00,52.61,47.39,1.11
2023-10-07T00:00:00,52.39,47.61,1.1
2023-10-08T00:00:00,52.75,47.25,1.12
2023-10-09T00:00:00,52.82,47.18,1.12
2023-10-10T00:00:00,52.97,47.03,1.13
2023-10-11T00:00:00,52.64,47.36,1.11
2023-10-12T00:00:00,54.05,45.95,1.18
2023-10-13T00:00:00,54.08,45.92,1.18
2023-10-14T00:00:00,54.86,45.14,1.22
2023-10-15T00:00:00,53.39,46.61,1.15
2023-10-16T00:00:00,53.51,46.49,1.15
2023-10-17T00:00:00,53.9,46.1,1.17
2023-10-18T00:00:00,53.4,46.6,1.15
2023-10-19T00:00:00,53.96,46.04,1.17
2023-10-20T00:00:00,51.96,48.04,1.08
2023-10-21T00:00:00,53.51,46.49,1.15
2023-10-22T00:00:00,53.11,46.89,1.13
2023-10-23T00:00:00,53.3,46.7,1.14
2023-10-24T00:00:00,62.0,38.0,1.63
2023-10-25T00:00:00,60.95,39.05,1.56
2023-10-26T00:00:00,60.17,39.83,1.51
2023-10-27T00:00:00,59.89,40.11,1.49
2023-10-28T00:00:00,60.56,39.44,1.54
2023-10-29T00:00:00,59.78,40.22,1.49
2023-10-30T00:00:00,59.5,40.5,1.47
2023-10-31T00:00:00,59.62,40.38,1.48
2023-11-01T00:00:00,59.82,40.18,1.49
2023-11-02T00:00:00,59.93,40.07,1.5
2023-11-03T00:00:00,59.89,40.11,1.49
2023-11-04T00:00:00,59.07,40.93,1.44
2023-11-05T00:00:00,59.22,40.78,1.45
2023-11-06T00:00:00,58.53,41.47,1.41
2023-11-07T00:00:00,59.15,40.85,1.45
2023-11-08T00:00:00,58.3,41.7,1.4
2023-11-09T00:00:00,57.75,42.25,1.37
2023-11-10T00:00:00,60.03,39.97,1.5
2023-11-11T00:00:00,59.2,40.8,1.45
2023-11-12T00:00:00,59.12,40.88,1.45
2023-11-13T00:00:00,59.09,40.91,1.44
2023-11-14T00:00:00,57.98,42.02,1.38
2023-11-15T00:00:00,57.25,42.75,1.34
2023-11-16T00:00:00,57.61,42.39,1.36
2023-11-17T00:00:00,57.0,43.0,1.33
2023-11-18T00:00:00,57.68,42.32,1.36
2023-11-19T00:00:00,57.62,42.38,1.36
2023-11-20T00:00:00,57.92,42.08,1.38
2023-11-21T00:00:00,57.99,42.01,1.38
2023-11-22T00:00:00,57.6,42.4,1.36
2023-11-23T00:00:00,56.64,43.36,1.31
2023-11-24T00:00:00,56.32,43.68,1.29
2023-11-25T00:00:00,55.31,44.69,1.24
2023-11-26T00:00:00,54.79,45.21,1.21
2023-11-27T00:00:00,54.86,45.14,1.22
2023-11-28T00:00:00,54.27,45.73,1.19
2023-11-29T00:00:00,54.63,45.37,1.2
2023-11-30T00:00:00,54.27,45.73,1.19
2023-12-01T00:00:00,54.5,45.5,1.2
2023-12-02T00:00:00,53.86,46.14,1.17
2023-12-03T00:00:00,53.89,46.11,1.17
2023-12-04T00:00:00,55.19,44.81,1.23
2023-12-05T00:00:00,55.79,44.21,1.26
2023-12-06T00:00:00,55.81,44.19,1.26
2023-12-07T00:00:00,55.82,44.18,1.26
2023-12-08T00:00:00,56.3,43.7,1.29
2023-12-09T00:00:00,56.76,43.24,1.31
2023-12-10T00:00:00,56.44,43.56,1.3
2023-12-11T00:00:00,56.01,43.99,1.27
2023-12-12T00:00:00,57.7,42.3,1.36
2023-12-13T00:00:00,57.64,42.36,1.36
2023-12-14T00:00:00,57.04,42.96,1.33
2023-12-15T00:00:00,55.68,44.32,1.26
2023-12-16T00:00:00,56.43,43.57,1.3
2023-12-17T00:00:00,55.91,44.09,1.27
2023-12-18T00:00:00,56.67,43.33,1.31
2023-12-19T00:00:00,56.15,43.85,1.28
2023-12-20T00:00:00,57.08,42.92,1.33
2023-12-21T00:00:00,56.43,43.57,1.3
2023-12-22T00:00:00,56.18,43.82,1.28
2023-12-23T00:00:00,56.33,43.67,1.29
2023-12-24T00:00:00,56.13,43.87,1.28
2023-12-25T00:00:00,55.54,44.46,1.25
2023-12-26T00:00:00,55.88,44.12,1.27
2023-12-27T00:00:00,55.94,44.06,1.27
2023-12-28T00:00:00,55.01,44.99,1.22
2023-12-29T00:00:00,54.96,45.04,1.22
2023-12-30T00:00:00,55.0,45.0,1.22
2023-12-31T00:00:00,55.8,44.2,1.26
2024-01-01T00:00:00,55.63,44.37,1.25
2024-01-02T00:00:00,55.67,44.33,1.26
2024-01-03T00:00:00,55.58,44.42,1.25
2024-01-04T00:00:00,56.83,43.17,1.32
2024-01-05T00:00:00,54.5,45.5,1.2
2024-01-06T00:00:00,55.9,44.1,1.27
2024-01-07T00:00:00,55.69,44.31,1.26
2024-01-08T00:00:00,55.1,44.9,1.23
2024-01-09T00:00:00,56.88,43.12,1.32
2024-01-10T00:00:00,57.63,42.37,1.36
2024-01-11T00:00:00,56.36,43.64,1.29
2024-01-12T00:00:00,57.47,42.53,1.35
2024-01-13T00:00:00,59.5,40.5,1.47
2024-01-14T00:00:00,58.21,41.79,1.39
2024-01-15T00:00:00,58.25,41.75,1.4
2024-01-16T00:00:00,56.78,43.22,1.31
2024-01-17T00:00:00,56.85,43.15,1.32
2024-01-18T00:00:00,57.39,42.61,1.35
2024-01-19T00:00:00,56.93,43.07,1.32
2024-01-20T00:00:00,56.82,43.18,1.32
2024-01-21T00:00:00,56.72,43.28,1.31
2024-01-22T00:00:00,56.31,43.69,1.29
2024-01-23T00:00:00,56.65,43.35,1.31
2024-01-24T00:00:00,57.99,42.01,1.38
2024-01-25T00:00:00,58.34,41.66,1.4
2024-01-26T00:00:00,58.34,41.66,1.4
2024-01-27T00:00:00,56.05,43.95,1.28
2024-01-28T00:00:00,56.57,43.43,1.3
2024-01-29T00:00:00,56.28,43.72,1.29
2024-01-30T00:00:00,56.06,43.94,1.28
2024-01-31T00:00:00,56.03,43.97,1.27
2024-02-01T00:00:00,56.47,43.53,1.3
2024-02-02T00:00:00,56.6,43.4,1.3
2024-02-03T00:00:00,56.86,43.14,1.32
2024-02-04T00:00:00,56.63,43.37,1.31
2024-02-05T00:00:00,57.1,42.9,1.33
2024-02-06T00:00:00,57.06,42.94,1.33
2024-02-07T00:00:00,57.11,42.89,1.33
2024-02-08T00:00:00,57.28,42.72,1.34
2024-02-09T00:00:00,55.62,44.38,1.25
2024-02-10T00:00:00,56.0,44.0,1.27
2024-02-11T00:00:00,56.57,43.43,1.3
2024-02-12T00:00:00,57.24,42.76,1.34
2024-02-13T00:00:00,57.77,42.23,1.37
2024-02-14T00:00:00,57.58,42.42,1.36
2024-02-15T00:00:00,57.01,42.99,1.33
2024-02-16T00:00:00,56.66,43.34,1.31
2024-02-17T00:00:00,56.38,43.62,1.29
2024-02-18T00:00:00,57.04,42.96,1.33
2024-02-19T00:00:00,56.95,43.05,1.32
2024-02-20T00:00:00,56.97,43.03,1.32
2024-02-21T00:00:00,56.22,43.78,1.28
2024-02-22T00:00:00,56.75,43.25,1.31
2024-02-23T00:00:00,56.89,43.11,1.32
2024-02-24T00:00:00,56.83,43.17,1.32
2024-02-25T00:00:00,55.84,44.16,1.26
2024-02-26T00:00:00,56.05,43.95,1.28
2024-02-27T00:00:00,56.25,43.75,1.29
2024-02-28T00:00:00,57.73,42.27,1.37
2024-02-29T00:00:00,61.23,38.77,1.58
2024-03-01T00:00:00,60.51,39.49,1.53
2024-03-02T00:00:00,59.86,40.14,1.49
2024-03-03T00:00:00,59.97,40.03,1.5
2024-03-04T00:00:00,60.48,39.52,1.53
2024-03-05T00:00:00,59.12,40.88,1.45
2024-03-06T00:00:00,62.31,37.69,1.65
2024-03-07T00:00:00,62.46,37.54,1.66
2024-03-08T00:00:00,61.44,38.56,1.59
2024-03-09T00:00:00,61.24,38.76,1.58
2024-03-10T00:00:00,60.74,39.26,1.55
2024-03-11T00:00:00,60.78,39.22,1.55
2024-03-12T00:00:00,60.64,39.36,1.54
2024-03-13T00:00:00,61.4,38.6,1.59
2024-03-14T00:00:00,61.0,39.0,1.56
2024-03-15T00:00:00,60.59,39.41,1.54
2024-03-16T00:00:00,59.74,40.26,1.48
2024-03-17T00:00:00,59.09,40.91,1.44
2024-03-18T00:00:00,58.73,41.27,1.42
2024-03-19T00:00:00,60.3,39.7,1.52
2024-03-20T00:00:00,61.09,38.91,1.57
2024-03-21T00:00:00,59.37,40.63,1.46
2024-03-22T00:00:00,61.68,38.32,1.61
2024-03-23T00:00:00,58.87,41.13,1.43
2024-03-24T00:00:00,57.91,42.09,1.38
2024-03-25T00:00:00,57.81,42.19,1.37
2024-03-26T00:00:00,58.68,41.32,1.42
2024-03-27T00:00:00,59.12,40.88,1.45
2024-03-28T00:00:00,59.16,40.84,1.45
2024-03-29T00:00:00,58.43,41.57,1.41
2024-03-30T00:00:00,58.18,41.82,1.39
2024-03-31T00:00:00,58.21,41.79,1.39
2024-04-01T00:00:00,58.27,41.73,1.4
2024-04-02T00:00:00,58.0,42.0,1.38
2024-04-03T00:00:00,57.16,42.84,1.33
2024-04-04T00:00:00,55.09,44.91,1.23
2024-04-05T00:00:00,54.72,45.28,1.21
2024-04-06T00:00:00,55.04,44.96,1.22
2024-04-07T00:00:00,54.5,45.5,1.2
2024-04-08T00:00:00,55.0,45.0,1.22
2024-04-09T00:00:00,58.17,41.83,1.39
2024-04-10T00:00:00,58.81,41.19,1.43
2024-04-11T00:00:00,57.1,42.9,1.33
2024-04-12T00:00:00,58.26,41.74,1.4
2024-04-13T00:00:00,57.96,42.04,1.38
2024-04-14T00:00:00,57.63,42.37,1.36
2024-04-15T00:00:00,55.92,44.08,1.27
2024-04-16T00:00:00,55.5,44.5,1.25
2024-04-17T00:00:00,55.59,44.41,1.25
2024-04-18T00:00:00,56.74,43.26,1.31
2024-04-19T00:00:00,53.23,46.77,1.14
2024-04-20T00:00:00,55.41,44.59,1.24
2024-04-21T00:00:00,54.68,45.32,1.21
2024-04-22T00:00:00,55.02,44.98,1.22
2024-04-23T00:00:00,53.88,46.12,1.17
2024-04-24T00:00:00,54.41,45.59,1.19
2024-04-25T00:00:00,56.04,43.96,1.28
2024-04-26T00:00:00,54.39,45.61,1.19
2024-04-27T00:00:00,56.01,43.99,1.27
2024-04-28T00:00:00,55.33,44.67,1.24
2024-04-29T00:00:00,54.35,45.65,1.19
2024-04-30T00:00:00,54.73,45.27,1.21
2024-05-01T00:00:00,56.51,43.49,1.3
2024-05-02T00:00:00,56.4,43.6,1.29
2024-05-03T00:00:00,55.73,44.27,1.26
2024-05-04T00:00:00,55.13,44.87,1.23
2024-05-05T00:00:00,54.23,45.77,1.19
2024-05-06T00:00:00,52.98,47.02,1.13
2024-05-07T00:00:00,54.04,45.96,1.18
2024-05-08T00:00:00,53.71,46.29,1.16
2024-05-09T00:00:00,54.68,45.32,1.21
2024-05-10T00:00:00,54.01,45.99,1.17
2024-05-11T00:00:00,54.8,45.2,1.21
2024-05-12T00:00:00,53.79,46.21,1.16
2024-05-13T00:00:00,54.7,45.3,1.21
2024-05-14T00:00:00,54.91,45.09,1.22
2024-05-15T00:00:00,56.72,43.28,1.31
2024-05-16T00:00:00,52.23,47.77,1.09
2024-05-17T00:00:00,54.53,45.47,1.2
2024-05-18T00:00:00,52.57,47.43,1.11
2024-05-19T00:00:00,52.89,47.11,1.12
2024-05-20T00:00:00,53.29,46.71,1.14
2024-05-21T00:00:00,55.09,44.91,1.23
2024-05-22T00:00:00,61.28,38.72,1.58
2024-05-23T00:00:00,60.96,39.04,1.56
2024-05-24T00:00:00,62.52,37.48,1.67
2024-05-25T00:00:00,60.82,39.18,1.55
2024-05-26T00:00:00,60.46,39.54,1.53
2024-05-27T00:00:00,60.63,39.37,1.54
2024-05-28T00:00:00,60.63,39.37,1.54
2024-05-29T00:00:00,61.13,38.87,1.57
2024-05-30T00:00:00,60.34,39.66,1.52
2024-05-31T00:00:00,59.75,40.25,1.48
2024-06-01T00:00:00,61.27,38.73,1.58
2024-06-02T00:00:00,60.76,39.24,1.55
2024-06-03T00:00:00,60.86,39.14,1.56
2024-06-04T00:00:00,59.26,40.74,1.46
2024-06-05T00:00:00,58.47,41.53,1.41
2024-06-06T00:00:00,58.32,41.68,1.4
2024-06-07T00:00:00,58.53,41.47,1.41
2024-06-08T00:00:00,58.36,41.64,1.4
2024-06-09T00:00:00,58.3,41.7,1.4
2024-06-10T00:00:00,58.3,41.7,1.4
2024-06-11T00:00:00,58.87,41.13,1.43
2024-06-12T00:00:00,58.02,41.98,1.38
2024-06-13T00:00:00,56.86,43.14,1.32
2024-06-14T00:00:00,57.6,42.4,1.36
2024-06-15T00:00:00,59.3,40.7,1.46
2024-06-16T00:00:00,60.24,39.76,1.52
2024-06-17T00:00:00,59.44,40.56,1.47
2024-06-18T00:00:00,60.25,39.75,1.52
2024-06-19T00:00:00,61.1,38.9,1.57
2024-06-20T00:00:00,59.39,40.61,1.46
2024-06-21T00:00:00,58.94,41.06,1.44
2024-06-22T00:00:00,61.43,38.57,1.59
2024-06-23T00:00:00,59.8,40.2,1.49
2024-06-24T00:00:00,60.05,39.95,1.5
2024-06-25T00:00:00,62.78,37.22,1.69
2024-06-26T00:00:00,60.35,39.65,1.52
2024-06-27T00:00:00,61.77,38.23,1.62
2024-06-28T00:00:00,62.61,37.39,1.68
2024-06-29T00:00:00,63.92,36.08,1.77
2024-06-30T00:00:00,65.18,34.82,1.87
2024-07-01T00:00:00,65.06,34.94,1.86
2024-07-02T00:00:00,65.13,34.87,1.87
2024-07-03T00:00:00,66.57,33.43,1.99
2024-07-04T00:00:00,65.22,34.78,1.88
2024-07-05T00:00:00,63.92,36.08,1.77
2024-07-06T00:00:00,60.44,39.56,1.53
2024-07-07T00:00:00,60.71,39.29,1.55
2024-07-08T00:00:00,61.97,38.03,1.63
2024-07-09T00:00:00,61.32,38.68,1.59
2024-07-10T00:00:00,61.8,38.2,1.62
2024-07-11T00:00:00,61.57,38.43,1.6
2024-07-12T00:00:00,63.67,36.33,1.75
2024-07-13T00:00:00,61.88,38.12,1.62
2024-07-14T00:00:00,61.21,38.79,1.58
2024-07-15T00:00:00,61.34,38.66,1.59
2024-07-16T00:00:00,56.69,43.31,1.31
2024-07-17T00:00:00,57.42,42.58,1.35
2024-07-18T00:00:00,59.62,40.38,1.48
2024-07-19T00:00:00,59.24,40.76,1.45
2024-07-20T00:00:00,56.03,43.97,1.27
2024-07-21T00:00:00,56.32,43.68,1.29
2024-07-22T00:00:00,56.56,43.44,1.3
2024-07-23T00:00:00,57.06,42.94,1.33
2024-07-24T00:00:00,58.12,41.88,1.39
2024-07-25T00:00:00,58.71,41.29,1.42
2024-07-26T00:00:00,61.18,38.82,1.58
2024-07-27T00:00:00,59.96,40.04,1.5
2024-07-28T00:00:00,59.88,40.12,1.49
2024-07-29T00:00:00,59.7,40.3,1.48
2024-07-30T00:00:00,59.96,40.04,1.5
2024-07-31T00:00:00,60.09,39.91,1.51
2024-08-01T00:00:00,60.21,39.79,1.51
2024-08-02T00:00:00,63.88,36.12,1.77
2024-08-03T00:00:00,65.45,34.55,1.89
2024-08-04T00:00:00,65.69,34.31,1.92
2024-08-05T00:00:00,65.99,34.01,1.94
2024-08-06T00:00:00,65.2,34.8,1.87
2024-08-07T00:00:00,60.46,39.54,1.53
2024-08-08T00:00:00,60.18,39.82,1.51
2024-08-09T00:00:00,60.0,40.0,1.5
2024-08-10T00:00:00,61.03,38.97,1.57
2024-08-11T00:00:00,58.94,41.06,1.44
2024-08-12T00:00:00,58.84,41.16,1.43
2024-08-13T00:00:00,59.47,40.53,1.47
2024-08-14T00:00:00,58.17,41.83,1.39
2024-08-15T00:00:00,55.63,44.37,1.25
2024-08-16T00:00:00,53.52,46.48,1.15
2024-08-17T00:00:00,52.09,47.91,1.09
2024-08-18T00:00:00,52.45,47.55,1.1
2024-08-19T00:00:00,52.62,47.38,1.11
2024-08-20T00:00:00,52.9,47.1,1.12
2024-08-21T00:00:00,54.05,45.95,1.18
2024-08-22T00:00:00,53.06,46.94,1.13
2024-08-23T00:00:00,52.24,47.76,1.09
2024-08-24T00:00:00,51.68,48.32,1.07
2024-08-25T00:00:00,51.82,48.18,1.08
2024-08-26T00:00:00,51.28,48.72,1.05
2024-08-27T00:00:00,52.21,47.79,1.09
2024-08-28T00:00:00,52.97,47.03,1.13
2024-08-29T00:00:00,50.89,49.11,1.04
2024-08-30T00:00:00,50.97,49.03,1.04
2024-08-31T00:00:00,51.6,48.4,1.07
2024-09-01T00:00:00,51.81,48.19,1.08
2024-09-02T00:00:00,51.9,48.1,1.08
2024-09-03T00:00:00,50.94,49.06,1.04
2024-09-04T00:00:00,52.79,47.21,1.12
2024-09-05T00:00:00,52.17,47.83,1.09
2024-09-06T00:00:00,53.89,46.11,1.17
2024-09-07T00:00:00,54.02,45.98,1.18
2024-09-08T00:00:00,53.19,46.81,1.14
2024-09-09T00:00:00,51.33,48.67,1.06
2024-09-10T00:00:00,50.74,49.26,1.03
2024-09-11T00:00:00,50.1,49.9,1.0
2024-09-12T00:00:00,49.85,50.15,0.99
2024-09-13T00:00:00,49.25,50.75,0.97
2024-09-14T00:00:00,47.57,52.43,0.91
2024-09-15T00:00:00,48.67,51.33,0.95
2024-09-16T00:00:00,48.41,51.59,0.94
2024-09-17T00:00:00,50.3,49.7,1.01
2024-09-18T00:00:00,48.88,51.12,0.96
2024-09-19T00:00:00,49.07,50.93,0.96
2024-09-20T00:00:00,48.38,51.62,0.94
2024-09-21T00:00:00,49.96,50.04,1.0
2024-09-22T00:00:00,50.44,49.56,1.02
2024-09-23T00:00:00,51.47,48.53,1.06
2024-09-24T00:00:00,50.83,49.17,1.03
2024-09-25T00:00:00,50.34,49.66,1.01
2024-09-26T00:00:00,52.17,47.83,1.09
2024-09-27T00:00:00,52.61,47.39,1.11
2024-09-28T00:00:00,52.66,47.34,1.11
2024-09-29T00:00:00,52.53,47.47,1.11
2024-09-30T00:00:00,52.07,47.93,1.09
2024-10-01T00:00:00,54.51,45.49,1.2
2024-10-02T00:00:00,57.28,42.72,1.34
2024-10-03T00:00:00,54.63,45.37,1.2
2024-10-04T00:00:00,54.41,45.59,1.19
2024-10-05T00:00:00,53.15,46.85,1.13
2024-10-06T00:00:00,52.99,47.01,1.13
2024-10-07T00:00:00,52.87,47.13,1.12
2024-10-08T00:00:00,52.61,47.39,1.11
2024-10-09T00:00:00,53.59,46.41,1.16
2024-10-10T00:00:00,54.17,45.83,1.18
2024-10-11T00:00:00,54.12,45.88,1.18
2024-10-12T00:00:00,49.57,50.43,0.98
2024-10-13T00:00:00,49.89,50.11,1.0
2024-10-14T00:00:00,50.26,49.74,1.01
2024-10-15T00:00:00,52.79,47.21,1.12
2024-10-16T00:00:00,54.53,45.47,1.2
2024-10-17T00:00:00,53.5,46.5,1.15
2024-10-18T00:00:00,56.03,43.97,1.27
2024-10-19T00:00:00,55.64,44.36,1.25
2024-10-20T00:00:00,56.01,43.99,1.27
2024-10-21T00:00:00,55.67,44.33,1.26
2024-10-22T00:00:00,57.93,42.07,1.38
2024-10-23T00:00:00,58.01,41.99,1.38
2024-10-24T00:00:00,59.11,40.89,1.45
2024-10-25T00:00:00,58.27,41.73,1.4
2024-10-26T00:00:00,57.91,42.09,1.38
2024-10-27T00:00:00,57.7,42.3,1.36
2024-10-28T00:00:00,57.76,42.24,1.37
2024-10-29T00:00:00,57.24,42.76,1.34
2024-10-30T00:00:00,58.63,41.37,1.42
2024-10-31T00:00:00,59.33,40.67,1.46
2024-11-01T00:00:00,61.71,38.29,1.61
2024-11-02T00:00:00,62.2,37.8,1.65
2024-11-03T00:00:00,62.26,37.74,1.65
2024-11-04T00:00:00,63.02,36.98,1.7
2024-11-05T00:00:00,64.72,35.28,1.83
2024-11-06T00:00:00,63.09,36.91,1.71
2024-11-07T00:00:00,59.63,40.37,1.48
2024-11-08T00:00:00,58.3,41.7,1.4
2024-11-09T00:00:00,56.32,43.68,1.29
2024-11-10T00:00:00,56.76,43.24,1.31
2024-11-11T00:00:00,59.65,40.35,1.48
2024-11-12T00:00:00,62.17,37.83,1.64
2024-11-13T00:00:00,64.41,35.59,1.81
2024-11-14T00:00:00,62.45,37.55,1.66
2024-11-15T00:00:00,62.1,37.9,1.64
2024-11-16T00:00:00,62.26,37.74,1.65
2024-11-17T00:00:00,62.76,37.24,1.69
2024-11-18T00:00:00,62.09,37.91,1.64
2024-11-19T00:00:00,61.32,38.68,1.59
2024-11-20T00:00:00,61.24,38.76,1.58
2024-11-21T00:00:00,58.95,41.05,1.44
2024-11-22T00:00:00,59.04,40.96,1.44
2024-11-23T00:00:00,58.41,41.59,1.4
2024-11-24T00:00:00,57.73,42.27,1.37
2024-11-25T00:00:00,58.16,41.84,1.39
2024-11-26T00:00:00,60.82,39.18,1.55
2024-11-27T00:00:00,63.17,36.83,1.72
2024-11-28T00:00:00,60.39,39.61,1.53
2024-11-29T00:00:00,61.21,38.79,1.58
2024-11-30T00:00:00,61.18,38.82,1.58
2024-12-01T00:00:00,62.11,37.89,1.64
2024-12-02T00:00:00,61.96,38.04,1.63
2024-12-03T00:00:00,61.09,38.91,1.57
2024-12-04T00:00:00,62.27,37.73,1.65
2024-12-05T00:00:00,60.97,39.03,1.56
2024-12-06T00:00:00,66.14,33.86,1.95
2024-12-07T00:00:00,61.36,38.64,1.59
2024-12-08T00:00:00,63.41,36.59,1.73
2024-12-09T00:00:00,62.81,37.19,1.69
2024-12-10T00:00:00,64.39,35.61,1.81
2024-12-11T00:00:00,63.95,36.05,1.77
2024-12-12T00:00:00,62.82,37.18,1.69
2024-12-13T00:00:00,64.88,35.12,1.85
2024-12-14T00:00:00,62.36,37.64,1.66
2024-12-15T00:00:00,63.14,36.86,1.71
2024-12-16T00:00:00,62.21,37.79,1.65
2024-12-17T00:00:00,62.38,37.62,1.66
2024-12-18T00:00:00,61.62,38.38,1.61
2024-12-19T00:00:00,63.17,36.83,1.72
2024-12-20T00:00:00,63.87,36.13,1.77
2024-12-21T00:00:00,67.85,32.15,2.11
2024-12-22T00:00:00,68.14,31.86,2.14
2024-12-23T00:00:00,68.71,31.29,2.2
2024-12-24T00:00:00,68.96,31.04,2.22
2024-12-25T00:00:00,66.82,33.18,2.01
2024-12-26T00:00:00,66.82,33.18,2.01
2024-12-27T00:00:00,68.05,31.95,2.13
2024-12-28T00:00:00,68.8,31.2,2.21
2024-12-29T00:00:00,67.93,32.07,2.12
2024-12-30T00:00:00,67.54,32.46,2.08
2024-12-31T00:00:00,67.98,32.02,2.12
2025-01-01T00:00:00,67.88,32.12,2.11
2025-01-02T00:00:00,67.83,32.17,2.11
2025-01-03T00:00:00,67.01,32.99,2.03
2025-01-04T00:00:00,67.9,32.1,2.12
2025-01-05T00:00:00,68.14,31.86,2.14
2025-01-06T00:00:00,67.58,32.42,2.09
2025-01-07T00:00:00,65.87,34.13,1.93
2025-01-08T00:00:00,68.87,31.13,2.21
2025-01-09T00:00:00,69.73,30.27,2.3
2025-01-10T00:00:00,67.75,32.25,2.1
2025-01-11T00:00:00,65.87,34.13,1.93
2025-01-12T00:00:00,65.96,34.04,1.94
2025-01-13T00:00:00,65.6,34.4,1.91
2025-01-14T00:00:00,65.49,34.51,1.9
2025-01-15T00:00:00,65.04,34.96,1.86
2025-01-16T00:00:00,63.8,36.2,1.76
2025-01-17T00:00:00,64.39,35.61,1.81
2025-01-18T00:00:00,60.83,39.17,1.55
2025-01-19T00:00:00,64.1,35.9,1.79
2025-01-20T00:00:00,65.83,34.17,1.93
2025-01-21T00:00:00,68.48,31.52,2.17
2025-01-22T00:00:00,65.94,34.06,1.94
2025-01-23T00:00:00,67.81,32.19,2.11
2025-01-24T00:00:00,65.46,34.54,1.9
2025-01-25T00:00:00,64.45,35.55,1.81
2025-01-26T00:00:00,65.23,34.77,1.88
2025-01-27T00:00:00,65.77,34.23,1.92
2025-01-28T00:00:00,66.33,33.67,1.97
2025-01-29T00:00:00,65.45,34.55,1.89
2025-01-30T00:00:00,64.26,35.74,1.8
2025-01-31T00:00:00,63.93,36.07,1.77
2025-02-01T00:00:00,68.01,31.99,2.13
2025-02-02T00:00:00,66.57,33.43,1.99
2025-02-03T00:00:00,66.13,33.87,1.95
2025-02-04T00:00:00,64.85,35.15,1.85
2025-02-05T00:00:00,69.89,30.11,2.32
2025-02-06T00:00:00,67.03,32.97,2.03
2025-02-07T00:00:00,67.33,32.67,2.06
2025-02-08T00:00:00,65.02,34.98,1.86
2025-02-09T00:00:00,65.45,34.55,1.89
2025-02-10T00:00:00,66.84,33.16,2.02
2025-02-11T00:00:00,67.11,32.89,2.04
2025-02-12T00:00:00,65.71,34.29,1.92
2025-02-13T00:00:00,66.73,33.27,2.01
2025-02-14T00:00:00,66.13,33.87,1.95
2025-02-15T00:00:00,65.55,34.45,1.9
2025-02-16T00:00:00,65.5,34.5,1.9
2025-02-17T00:00:00,65.66,34.34,1.91
2025-02-18T00:00:00,65.24,34.76,1.88
2025-02-19T00:00:00,64.96,35.04,1.85
2025-02-20T00:00:00,66.83,33.17,2.02
2025-02-21T00:00:00,63.22,36.78,1.72
2025-02-22T00:00:00,67.98,32.02,2.12
2025-02-23T00:00:00,65.91,34.09,1.93
2025-02-24T00:00:00,63.82,36.18,1.76
2025-02-25T00:00:00,62.71,37.29,1.68
2025-02-26T00:00:00,65.15,34.85,1.87
2025-02-27T00:00:00,67.45,32.55,2.07
2025-02-28T00:00:00,67.3,32.7,2.06
2025-03-01T00:00:00,66.11,33.89,1.95
2025-03-02T00:00:00,65.29,34.71,1.88
2025-03-03T00:00:00,64.21,35.79,1.79
2025-03-04T00:00:00,66.98,33.02,2.03
2025-03-05T00:00:00,66.5,33.5,1.99
2025-03-06T00:00:00,65.43,34.57,1.89
2025-03-07T00:00:00,68.31,31.69,2.16
2025-03-08T00:00:00,67.67,32.33,2.09
2025-03-09T00:00:00,65.59,34.41,1.91
2025-03-10T00:00:00,66.13,33.87,1.95
2025-03-11T00:00:00,65.53,34.47,1.9
2025-03-12T00:00:00,65.64,34.36,1.91
2025-03-13T00:00:00,65.98,34.02,1.94
2025-03-14T00:00:00,67.22,32.78,2.05
2025-03-15T00:00:00,63.86,36.14,1.77
2025-03-16T00:00:00,63.48,36.52,1.74
2025-03-17T00:00:00,66.06,33.94,1.95
2025-03-18T00:00:00,64.3,35.7,1.8
2025-03-19T00:00:00,66.22,33.78,1.96
2025-03-20T00:00:00,63.51,36.49,1.74
2025-03-21T00:00:00,67.18,32.82,2.05
2025-03-22T00:00:00,65.67,34.33,1.91
2025-03-23T00:00:00,65.73,34.27,1.92
2025-03-24T00:00:00,64.22,35.78,1.8
2025-03-25T00:00:00,61.69,38.31,1.61
2025-03-26T00:00:00,59.35,40.65,1.46
2025-03-27T00:00:00,61.42,38.58,1.59
2025-03-28T00:00:00,60.02,39.98,1.5
2025-03-29T00:00:00,63.07,36.93,1.71
2025-03-30T00:00:00,62.27,37.73,1.65
2025-03-31T00:00:00,62.34,37.66,1.66
2025-04-01T00:00:00,61.98,38.02,1.63
2025-04-02T00:00:00,60.1,39.9,1.51
2025-04-03T00:00:00,61.33,38.67,1.59
2025-04-04T00:00:00,64.21,35.79,1.79
2025-04-05T00:00:00,63.08,36.92,1.71
2025-04-06T00:00:00,64.59,35.41,1.82
2025-04-07T00:00:00,65.93,34.07,1.94
2025-04-08T00:00:00,64.21,35.79,1.79
2025-04-09T00:00:00,65.93,34.07,1.94
2025-04-10T00:00:00,63.2,36.8,1.72
2025-04-11T00:00:00,67.42,32.58,2.07
2025-04-12T00:00:00,62.94,37.06,1.7
2025-04-13T00:00:00,63.15,36.85,1.71
2025-04-14T00:00:00,66.83,33.17,2.02
2025-04-15T00:00:00,65.8,34.2,1.92
2025-04-16T00:00:00,65.36,34.64,1.89
2025-04-17T00:00:00,64.96,35.04,1.85
2025-04-18T00:00:00,63.5,36.5,1.74
2025-04-19T00:00:00,63.82,36.18,1.76
2025-04-20T00:00:00,61.22,38.78,1.58
2025-04-21T00:00:00,62.3,37.7,1.65
2025-04-22T00:00:00,61.44,38.56,1.59
2025-04-23T00:00:00,57.85,42.15,1.37
2025-04-24T00:00:00,59.53,40.47,1.47
2025-04-25T00:00:00,58.25,41.75,1.4
2025-04-26T00:00:00,56.6,43.4,1.3
2025-04-27T00:00:00,57.6,42.4,1.36
2025-04-28T00:00:00,58.52,41.48,1.41
2025-04-29T00:00:00,58.08,41.92,1.39
2025-04-30T00:00:00,59.27,40.73,1.46
2025-05-01T00:00:00,59.16,40.84,1.45
2025-05-02T00:00:00,55.28,44.72,1.24
2025-05-03T00:00:00,56.34,43.66,1.29
2025-05-04T00:00:00,56.54,43.46,1.3
2025-05-05T00:00:00,57.01,42.99,1.33
2025-05-06T00:00:00,55.69,44.31,1.26
2025-05-07T00:00:00,56.68,43.32,1.31
2025-05-08T00:00:00,56.68,43.32,1.31
2025-05-09T00:00:00,60.53,39.47,1.53
2025-05-10T00:00:00,63.19,36.81,1.72
2025-05-11T00:00:00,62.14,37.86,1.64
2025-05-12T00:00:00,62.62,37.38,1.68
2025-05-13T00:00:00,61.5,38.5,1.6
2025-05-14T00:00:00,62.0,38.0,1.63
2025-05-15T00:00:00,61.8,38.2,1.62
2025-05-16T00:00:00,61.76,38.24,1.62
2025-05-17T00:00:00,61.31,38.69,1.59
2025-05-18T00:00:00,60.75,39.25,1.55
2025-05-19T00:00:00,60.79,39.21,1.55
2025-05-20T00:00:00,62.11,37.89,1.64
2025-05-21T00:00:00,60.53,39.47,1.53
2025-05-22T00:00:00,62.15,37.85,1.64
2025-05-23T00:00:00,61.66,38.34,1.61
2025-05-24T00:00:00,62.61,37.39,1.68
2025-05-25T00:00:00,60.89,39.11,1.56
2025-05-26T00:00:00,59.24,40.76,1.45
2025-05-27T00:00:00,58.81,41.19,1.43
2025-05-28T00:00:00,59.7,40.3,1.48
2025-05-29T00:00:00,58.76,41.24,1.43
2025-05-30T00:00:00,60.15,39.85,1.51
2025-05-31T00:00:00,61.07,38.93,1.57
2025-06-01T00:00:00,61.02,38.98,1.57
2025-06-02T00:00:00,60.49,39.51,1.53
2025-06-03T00:00:00,60.05,39.95,1.5
2025-06-04T00:00:00,58.92,41.08,1.43
2025-06-05T00:00:00,58.37,41.63,1.4
2025-06-06T00:00:00,58.59,41.41,1.42
2025-06-07T00:00:00,56.27,43.73,1.29
2025-06-08T00:00:00,57.09,42.91,1.33
2025-06-09T00:00:00,57.34,42.66,1.34
2025-06-10T00:00:00,58.25,41.75,1.4
2025-06-11T00:00:00,61.72,38.28,1.61
2025-06-12T00:00:00,61.27,38.73,1.58
2025-06-13T00:00:00,60.78,39.22,1.55
2025-06-14T00:00:00,59.79,40.21,1.49
2025-06-15T00:00:00,59.86,40.14,1.49
2025-06-16T00:00:00,60.54,39.46,1.53
2025-06-17T00:00:00,60.16,39.84,1.51
2025-06-18T00:00:00,60.07,39.93,1.5
2025-06-19T00:00:00,60.16,39.84,1.51
2025-06-20T00:00:00,59.76,40.24,1.49
2025-06-21T00:00:00,60.78,39.22,1.55
2025-06-22T00:00:00,59.98,40.02,1.5
2025-06-23T00:00:00,59.99,40.01,1.5
2025-06-24T00:00:00,59.75,40.25,1.48
2025-06-25T00:00:00,58.69,41.31,1.42
2025-06-26T00:00:00,58.43,41.57,1.41
2025-06-27T00:00:00,59.24,40.76,1.45
2025-06-28T00:00:00,58.53,41.47,1.41
2025-06-29T00:00:00,58.78,41.22,1.43
2025-06-30T00:00:00,58.51,41.49,1.41
2025-07-01T00:00:00,60.17,39.83,1.51
2025-07-02T00:00:00,60.44,39.56,1.53
2025-07-03T00:00:00,57.09,42.91,1.33
2025-07-04T00:00:00,58.77,41.23,1.43
2025-07-05T00:00:00,59.12,40.88,1.45
2025-07-06T00:00:00,58.68,41.32,1.42
2025-07-07T00:00:00,57.43,42.57,1.35
2025-07-08T00:00:00,58.49,41.51,1.41
2025-07-09T00:00:00,58.47,41.53,1.41
2025-07-10T00:00:00,59.49,40.51,1.47
2025-07-11T00:00:00,61.71,38.29,1.61
2025-07-12T00:00:00,64.39,35.61,1.81
2025-07-13T00:00:00,64.12,35.88,1.79
2025-07-14T00:00:00,62.76,37.24,1.69
2025-07-15T00:00:00,66.89,33.11,2.02
2025-07-16T00:00:00,67.7,32.3,2.1
2025-07-17T00:00:00,65.53,34.47,1.9
2025-07-18T00:00:00,66.4,33.6,1.98
2025-07-19T00:00:00,65.0,35.0,1.86
2025-07-20T00:00:00,64.53,35.47,1.82
2025-07-21T00:00:00,62.35,37.65,1.66
2025-07-22T00:00:00,61.56,38.44,1.6
2025-07-23T00:00:00,64.62,35.38,1.83
2025-07-24T00:00:00,64.74,35.26,1.84
2025-07-25T00:00:00,64.59,35.41,1.82
2025-07-26T00:00:00,62.51,37.49,1.67
2025-07-27T00:00:00,63.61,36.39,1.75
2025-07-28T00:00:00,64.44,35.56,1.81
2025-07-29T00:00:00,66.87,33.13,2.02
2025-07-30T00:00:00,65.07,34.93,1.86
2025-07-31T00:00:00,64.41,35.59,1.81
2025-08-01T00:00:00,65.89,34.11,1.93
2025-08-02T00:00:00,66.13,33.87,1.95
2025-08-03T00:00:00,65.06,34.94,1.86
2025-08-04T00:00:00,64.25,35.75,1.8
2025-08-05T00:00:00,64.29,35.71,1.8
2025-08-06T00:00:00,65.36,34.64,1.89
2025-08-07T00:00:00,64.44,35.56,1.81
2025-08-08T00:00:00,64.36,35.64,1.81
2025-08-09T00:00:00,65.95,34.05,1.94
2025-08-10T00:00:00,65.37,34.63,1.89
2025-08-11T00:00:00,67.25,32.75,2.05
2025-08-12T00:00:00,69.15,30.85,2.24
2025-08-13T00:00:00,68.09,31.91,2.13
2025-08-14T00:00:00,70.6,29.4,2.4
2025-08-15T00:00:00,69.09,30.91,2.24
2025-08-16T00:00:00,68.45,31.55,2.17
2025-08-17T00:00:00,67.07,32.93,2.04
2025-08-18T00:00:00,67.11,32.89,2.04
2025-08-19T00:00:00,66.08,33.92,1.95
2025-08-20T00:00:00,66.17,33.83,1.96
2025-08-21T00:00:00,63.8,36.2,1.76
2025-08-22T00:00:00,65.51,34.49,1.9
2025-08-23T00:00:00,66.01,33.99,1.94
2025-08-24T00:00:00,67.97,32.03,2.12
2025-08-25T00:00:00,67.01,32.99,2.03
2025-08-26T00:00:00,65.73,34.27,1.92
2025-08-27T00:00:00,64.39,35.61,1.81
2025-08-28T00:00:00,64.92,35.08,1.85
2025-08-29T00:00:00,65.31,34.69,1.88
2025-08-30T00:00:00,66.11,33.89,1.95
2025-08-31T00:00:00,65.19,34.81,1.87
2025-09-01T00:00:00,66.05,33.95,1.95
2025-09-02T00:00:00,67.18,32.82,2.05
2025-09-03T00:00:00,65.93,34.07,1.94
2025-09-04T00:00:00,64.9,35.1,1.85
2025-09-05T00:00:00,66.73,33.27,2.01
2025-09-06T00:00:00,68.32,31.68,2.16
2025-09-07T00:00:00,68.66,31.34,2.19
2025-09-08T00:00:00,66.53,33.47,1.99
2025-09-09T00:00:00,65.35,34.65,1.89
2025-09-10T00:00:00,67.15,32.85,2.04
2025-09-11T00:00:00,66.04,33.96,1.95
2025-09-12T00:00:00,67.08,32.92,2.04
2025-09-13T00:00:00,65.45,34.55,1.89
2025-09-14T00:00:00,65.76,34.24,1.92
2025-09-15T00:00:00,66.71,33.29,2.0
2025-09-16T00:00:00,68.4,31.6,2.17
2025-09-17T00:00:00,65.85,34.15,1.93
2025-09-18T00:00:00,67.64,32.36,2.09
2025-09-19T00:00:00,65.03,34.97,1.86
2025-09-20T00:00:00,66.82,33.18,2.01
2025-09-21T00:00:00,65.39,34.61,1.89
2025-09-22T00:00:00,65.18,34.82,1.87
2025-09-23T00:00:00,64.77,35.23,1.84
2025-09-24T00:00:00,65.4,34.6,1.89
2025-09-25T00:00:00,62.72,37.28,1.68
2025-09-26T00:00:00,66.37,33.63,1.97
2025-09-27T00:00:00,65.8,34.2,1.92
2025-09-28T00:00:00,65.52,34.48,1.9
2025-09-29T00:00:00,62.79,37.21,1.69
2025-09-30T00:00:00,60.74,39.26,1.55
2025-10-01T00:00:00,62.28,37.72,1.65
2025-10-02T00:00:00,61.48,38.52,1.6
2025-10-03T00:00:00,62.38,37.62,1.66
2025-10-04T00:00:00,64.22,35.78,1.8
2025-10-05T00:00:00,62.92,37.08,1.7
2025-10-06T00:00:00,63.73,36.27,1.76
2025-10-07T00:00:00,64.58,35.42,1.82
2025-10-08T00:00:00,65.03,34.97,1.86
2025-10-09T00:00:00,64.27,35.73,1.8
2025-10-10T00:00:00,62.17,37.83,1.64
2025-10-11T00:00:00,67.04,32.96,2.03
2025-10-12T00:00:00,63.53,36.47,1.74
2025-10-13T00:00:00,58.29,41.71,1.4
2025-10-14T00:00:00,59.03,40.97,1.44
2025-10-15T00:00:00,57.81,42.19,1.37
2025-10-16T00:00:00,58.24,41.76,1.4
2025-10-17T00:00:00,53.98,46.02,1.17
2025-10-18T00:00:00,55.09,44.91,1.23
2025-10-19T00:00:00,50.37,49.63,1.02
2025-10-20T00:00:00,50.28,49.72,1.01
2025-10-21T00:00:00,49.06,50.94,0.96
2025-10-22T00:00:00,48.34,51.66,0.94
2025-10-23T00:00:00,51.53,48.47,1.06
2025-10-24T00:00:00,51.53,48.47,1.06
2025-10-25T00:00:00,51.88,48.12,1.08
2025-10-26T00:00:00,51.62,48.38,1.07
2025-10-27T00:00:00,52.33,47.67,1.1
2025-10-28T00:00:00,57.02,42.98,1.33
2025-10-29T00:00:00,58.1,41.9,1.39
2025-10-30T00:00:00,56.14,43.86,1.28
2025-10-31T00:00:00,55.84,44.16,1.26
2025-11-01T00:00:00,64.82,35.18,1.84
2025-11-02T00:00:00,65.65,34.35,1.91
2025-11-03T00:00:00,64.92,35.08,1.85
2025-11-04T00:00:00,66.74,33.26,2.01
2025-11-05T00:00:00,67.15,32.85,2.04
2025-11-06T00:00:00,64.1,35.9,1.79
2025-11-07T00:00:00,67.84,32.16,2.11
2025-11-08T00:00:00,67.8,32.2,2.11
2025-11-09T00:00:00,68.48,31.52,2.17
2025-11-10T00:00:00,68.51,31.49,2.18
2025-11-11T00:00:00,67.78,32.22,2.1
2025-11-12T00:00:00,67.34,32.66,2.06
2025-11-13T00:00:00,67.23,32.77,2.05
2025-11-14T00:00:00,67.98,32.02,2.12
2025-11-15T00:00:00,69.86,30.14,2.32
2025-11-16T00:00:00,70.77,29.23,2.42
2025-11-17T00:00:00,70.32,29.68,2.37
2025-11-18T00:00:00,72.42,27.58,2.63
2025-11-19T00:00:00,71.16,28.84,2.47
2025-11-20T00:00:00,72.89,27.11,2.69
2025-11-21T00:00:00,73.11,26.89,2.72
2025-11-22T00:00:00,71.79,28.21,2.55
2025-11-23T00:00:00,71.3,28.7,2.48
2025-11-24T00:00:00,69.34,30.66,2.26
2025-11-25T00:00:00,69.34,30.66,2.26
2025-11-26T00:00:00,70.64,29.36,2.41
2025-11-27T00:00:00,67.67,32.33,2.09
2025-11-28T00:00:00,67.43,32.57,2.07
2025-11-29T00:00:00,68.91,31.09,2.22
2025-11-30T00:00:00,68.69,31.31,2.19
2025-12-01T00:00:00,68.46,31.54,2.17
2025-12-02T00:00:00,69.1,30.9,2.24
2025-12-03T00:00:00,67.26,32.74,2.05
2025-12-04T00:00:00,67.9,32.1,2.12
2025-12-05T00:00:00,68.89,31.11,2.21
2025-12-06T00:00:00,69.1,30.9,2.24
2025-12-07T00:00:00,69.09,30.91,2.24
2025-12-08T00:00:00,68.72,31.28,2.2
2025-12-09T00:00:00,70.12,29.88,2.35
2025-12-10T00:00:00,69.64,30.36,2.29
2025-12-11T00:00:00,69.58,30.42,2.29
2025-12-12T00:00:00,70.01,29.99,2.33
2025-12-13T00:00:00,69.95,30.05,2.33
2025-12-14T00:00:00,69.88,30.12,2.32
2025-12-15T00:00:00,69.37,30.63,2.27
2025-12-16T00:00:00,69.13,30.87,2.24
2025-12-17T00:00:00,67.65,32.35,2.09
2025-12-18T00:00:00,68.93,31.07,2.22
2025-12-19T00:00:00,68.88,31.12,2.21
2025-12-20T00:00:00,68.51,31.49,2.18
2025-12-21T00:00:00,69.22,30.78,2.25
2025-12-22T00:00:00,69.33,30.67,2.26
2025-12-23T00:00:00,69.73,30.27,2.3
2025-12-24T00:00:00,69.18,30.82,2.25
2025-12-25T00:00:00,69.72,30.28,2.3
2025-12-26T00:00:00,69.64,30.36,2.29
2025-12-27T00:00:00,70.04,29.96,2.34
2025-12-28T00:00:00,70.01,29.99,2.33
2025-12-29T00:00:00,69.71,30.29,2.3
2025-12-30T00:00:00,71.71,28.29,2.54
2025-12-31T00:00:00,69.4,30.6,2.27
2026-01-01T00:00:00,71.25,28.75,2.48
2026-01-02T00:00:00,71.38,28.62,2.49
2026-01-03T00:00:00,68.87,31.13,2.21
2026-01-04T00:00:00,68.55,31.45,2.18
2026-01-05T00:00:00,68.23,31.77,2.15
2026-01-06T00:00:00,67.82,32.18,2.11
2026-01-07T00:00:00,69.28,30.72,2.26
2026-01-08T00:00:00,72.09,27.91,2.58
2026-01-09T00:00:00,70.61,29.39,2.4
2026-01-10T00:00:00,70.8,29.2,2.43
2026-01-11T00:00:00,70.81,29.19,2.43
2026-01-12T00:00:00,70.2,29.8,2.36
2026-01-13T00:00:00,68.11,31.89,2.14
2026-01-14T00:00:00,64.53,35.47,1.82
2026-01-15T00:00:00,62.74,37.26,1.68
2026-01-16T00:00:00,66.62,33.38,2.0
2026-01-17T00:00:00,66.23,33.77,1.96
2026-01-18T00:00:00,67.15,32.85,2.04
2026-01-19T00:00:00,68.1,31.9,2.14
2026-01-20T00:00:00,68.76,31.24,2.2
2026-01-21T00:00:00,69.52,30.48,2.28
2026-01-22T00:00:00,68.07,31.93,2.13
2026-01-23T00:00:00,67.94,32.06,2.12
2026-01-24T00:00:00,67.76,32.24,2.1
2026-01-25T00:00:00,67.44,32.56,2.07
2026-01-26T00:00:00,67.15,32.85,2.04
2026-01-27T00:00:00,66.26,33.74,1.96
2026-01-28T00:00:00,66.69,33.31,2.0
2026-01-29T00:00:00,66.89,33.11,2.02
2026-01-30T00:00:00,66.97,33.03,2.03
2026-01-31T00:00:00,65.92,34.08,1.93
2026-02-01T00:00:00,65.97,34.03,1.94
2026-02-02T00:00:00,64.42,35.58,1.81
2026-02-03T00:00:00,61.77,38.23,1.62
2026-02-04T00:00:00,64.54,35.46,1.82
2026-02-05T00:00:00,65.89,34.11,1.93
2026-02-06T00:00:00,62.91,37.09,1.7
2026-02-07T00:00:00,56.85,43.15,1.32
2026-02-08T00:00:00,56.85,43.15,1.32
2026-02-09T00:00:00,55.47,44.53,1.25
2026-02-10T00:00:00,55.06,44.94,1.23
2026-02-11T00:00:00,55.33,44.67,1.24
2026-02-12T00:00:00,55.61,44.39,1.25
2026-02-13T00:00:00,57.09,42.91,1.33
2026-02-14T00:00:00,55.14,44.86,1.23
2026-02-15T00:00:00,54.31,45.69,1.19
2026-02-16T00:00:00,55.69,44.31,1.26
2026-02-17T00:00:00,56.85,43.15,1.32
2026-02-18T00:00:00,58.69,41.31,1.42
2026-02-19T00:00:00,58.65,41.35,1.42
2026-02-20T00:00:00,56.29,43.71,1.29
2026-02-21T00:00:00,57.24,42.76,1.34
2026-02-22T00:00:00,55.44,44.56,1.24
2026-02-23T00:00:00,58.38,41.62,1.4
2026-02-24T00:00:00,56.08,43.92,1.28
2026-02-25T00:00:00,54.59,45.41,1.2
2026-02-26T00:00:00,52.87,47.13,1.12
2026-02-27T00:00:00,55.28,44.72,1.24
2026-02-28T00:00:00,55.32,44.68,1.24
2026-03-01T00:00:00,55.32,44.68,1.24
2026-03-02T00:00:00,56.13,43.87,1.28
2026-03-03T00:00:00,52.07,47.93,1.09
2026-03-04T00:00:00,53.6,46.4,1.16
2026-03-05T00:00:00,51.61,48.39,1.07
2026-03-06T00:00:00,53.44,46.56,1.15
2026-03-07T00:00:00,55.1,44.9,1.23
2026-03-08T00:00:00,55.02,44.98,1.22
2026-03-09T00:00:00,55.01,44.99,1.22
2026-03-10T00:00:00,52.07,47.93,1.09
2026-03-11T00:00:00,51.08,48.92,1.04
2026-03-12T00:00:00,50.23,49.77,1.01
2026-03-13T00:00:00,50.11,49.89,1.0
2026-03-14T00:00:00,50.35,49.65,1.01
2026-03-15T00:00:00,51.33,48.67,1.06
2026-03-16T00:00:00,51.01,48.99,1.04
2026-03-17T00:00:00,51.02,48.98,1.04
2026-03-18T00:00:00,50.32,49.68,1.01
2026-03-19T00:00:00,51.4,48.6,1.06
2026-03-20T00:00:00,51.48,48.52,1.06
2026-03-21T00:00:00,50.28,49.72,1.01
2026-03-22T00:00:00,50.52,49.48,1.02
2026-03-23T00:00:00,51.17,48.83,1.05
2026-03-24T00:00:00,48.1,51.9,0.93
2026-03-25T00:00:00,49.67,50.33,0.99
2026-03-26T00:00:00,49.04,50.96,0.96
2026-03-27T00:00:00,49.53,50.47,0.98
2026-03-28T00:00:00,48.59,51.41,0.95
2026-03-29T00:00:00,47.58,52.42,0.91
2026-03-30T00:00:00,48.7,51.3,0.95
2026-03-31T00:00:00,48.36,51.64,0.94
2026-04-01T00:00:00,46.48,53.52,0.87
2026-04-02T00:00:00,47.04,52.96,0.89
2026-04-03T00:00:00,46.81,53.19,0.88
2026-04-04T00:00:00,46.51,53.49,0.87
